9.99984,30.0005,0.000592989,124.204,29.9231,3.60749,0.100924,15.9568,32.2091,2.6606,0.125868,132.068,69.6418,4.2082,0.0156942,87.7801,25.4268,2.66175,0.0957589,99.0637,54.3852,2.67038,0.0889834,103.552,87.764,3.71637,0.172097,42.9212,92.8893,3.59425,0.247183,46.4046,36.551,3.29773,0.153492,0
9.99984,30.0005,0.000647371,123.249,23.7631,3.22057,0.0995089,17.3664,34.2675,2.60987,0.118664,128.754,75.5873,3.81433,0.0615844,88.0569,19.6055,3.0715,0.0908103,92.1526,56.691,2.64931,0.118193,102.359,96.3933,3.49197,0.144175,36.589,94.4302,3.2791,0.244005,47.327,35.7719,3.16782,0.12306,0
9.99983,30.0006,0.000712514,123.314,24.6829,3.55164,0.0905622,16.3772,33.5119,2.51129,0.099242,126.205,79.4799,3.84087,0.069383,86.073,18.8851,2.71071,0.0843351,87.3725,60.1493,3.29314,0.153701,102.279,101.786,3.62792,0.111094,36.9136,90.9554,3.48743,0.241546,49.4539,39.8999,3.05909,0.150138,0
9.99982,30.0006,0.000777674,120.539,23.4261,3.18015,0.116203,17.0251,31.5635,2.2561,0.118609,125.428,77.4669,3.90408,0.0621086,81.8582,15.6128,2.44445,0.0933506,87.8555,63.2622,3.77152,0.122976,100.098,102.152,3.10996,0.111496,36.9211,89.8009,3.55168,0.238701,49.1816,40.5101,3.09735,0.136556,0
9.99982,30.0007,0.00084285,119.586,24.9168,3.31295,0.127403,18.6999,26.8642,1.77097,0.12113,123.328,77.4905,3.81498,0.0533731,79.7894,17.9815,2.52676,0.0887891,87.824,60.1607,3.21901,0.124023,96.8051,104.635,3.42476,0.139467,36.7524,89.0132,3.56543,0.229885,49.5349,40.6432,3.23625,0.115929,0
9.99981,30.0007,0.000908044,119.45,22.6906,3.1349,0.13646,17.9002,26.7762,1.8727,0.126605,121.056,77.1029,3.97587,0.0656867,76.9443,16.2502,2.87213,0.0946759,88.2625,61.5956,3.23758,0.143287,98.2244,104.321,3.41648,0.116994,34.2434,89.451,3.43965,0.214013,49.0373,42.34,3.26809,0.102278,0
9.9998,30.0007,0.000973254,118.88,19.6988,3.20035,0.152281,17.5335,26.1105,2.12948,0.127488,122.748,77.0418,3.38703,0.0670188,70.4811,16.1458,3.05437,0.115012,86.825,62.0854,3.08703,0.106867,98.4643,103.893,3.17683,0.115289,34.5587,88.312,3.53098,0.228489,49.2196,45.4884,3.19778,0.0875544,0
9.99979,30.0008,0.00104924,118.908,19.6927,3.08883,0.130385,18.3945,24.8436,2.53033,0.128014,125.359,75.7154,3.65347,0.0610538,69.581,16.45,2.81899,0.128356,86.5463,62.96,3.28109,0.127411,97.4185,106.18,2.76228,0.138551,35.8648,87.1282,3.30421,0.194173,49.135,47.537,2.94498,0.0920567,0
9.99979,30.0008,0.00110372,119.732,16.8278,3.24458,0.128998,22.1789,24.254,2.30376,0.130943,127.718,74.8139,3.69898,0.0630176,66.524,15.689,3.07252,0.163565,89.9297,62.6375,3.50815,0.141391,95.9785,105.534,3.254,0.136084,33.2081,86.9696,3.40763,0.163966,47.6518,48.9823,3.00601,0.072035,0
9.99978,30.0009,0.00116898,120.677,13.9187,3.27035,0.130023,19.044,24.9668,2.82458,0.145453,127.861,72.6413,3.55725,0.065683,66.5206,14.9489,2.92931,0.1528,91.1448,62.12,2.86605,0.130885,93.4497,105.139,3.22156,0.119092,28.6507,85.7088,3.38253,0.162654,50.6732,51.6999,3.09519,0.0934098,0
10.0394,30.001,0.00130968,121.544,12.4045,3.20387,0.156473,17.337,25.2419,2.23655,0.134792,127.962,69.3503,3.58041,0.0502168,67.0277,14.6046,2.66208,0.140432,92.0957,64.3217,3.645,0.118152,91.8227,103.677,2.8133,0.15124,30.7784,88.7864,3.47328,0.158833,50.8514,55.9736,3.08674,0.0898611,0
10.3303,30.0012,0.00171226,119.534,12.4202,3.23445,0.154143,18.3841,27.0423,2.17527,0.121133,128.083,73.3984,3.58635,0.0553872,67.3351,15.7894,2.83376,0.176841,92.1828,63.1142,3.33312,0.140318,91.6053,106.848,3.10447,0.120469,34.2009,90.0338,3.18544,0.149409,49.9226,55.6566,3.03976,0.0823001,0
10.7794,30.0023,0.00310616,118.709,12.1232,3.13093,0.173146,18.6106,26.2113,2.33495,0.111182,127.425,75.1158,3.74106,0.064643,66.8333,15.9246,2.79702,0.178117,92.4444,65.3982,3.45835,0.112368,91.5222,105.345,2.64083,0.109582,31.2003,89.3959,3.44345,0.151253,50.9567,55.8484,3.02684,0.0997088,0
11.5554,30.0018,0.0119625,120.552,11.2129,3.28839,0.171687,16.0374,27.9432,2.59821,0.117925,126.82,75.9983,3.66777,0.0463264,63.1992,13.4916,2.92954,0.2151,93.218,64.003,3.05233,0.0945944,87.6358,107.272,2.23361,0.116976,34.1502,87.5549,3.59548,0.153229,51.3459,56.5737,2.99364,0.0841628,0
12.3261,30.0471,0.112615,118.689,11.3409,3.20557,0.168619,16.0995,29.7363,3.19487,0.118707,126.663,78.9825,3.82218,0.0456847,61.1881,14.0236,2.95915,0.216995,93.3849,63.7517,3.72141,0.113753,88.8043,106.152,2.53448,0.102184,34.3,88.5312,3.79761,0.151722,52.0801,57.0425,3.63714,0.0823345,0
12.9771,30.1471,0.19373,119.837,10.5761,3.23953,0.174355,16.9405,28.9658,3.23012,0.117572,126.237,79.1273,3.82675,0.055435,61.9589,14.8219,3.10993,0.192477,93.4855,63.0209,3.96712,0.101397,88.6467,107.727,2.98646,0.112038,34.0647,89.3585,3.69486,0.157411,51.9087,54.9061,3.61232,0.0893161,0
13.7437,30.3357,0.280998,118.258,10.3733,3.36131,0.188414,15.3458,28.7463,3.1906,0.126405,126.064,82.4172,3.84119,0.0493135,60.7817,13.8388,3.17923,0.203421,94.2064,65.4442,3.73478,0.0990104,88.7794,106.927,3.21732,0.0953432,32.6665,87.2554,4.0746,0.165542,48.8271,55.3972,3.44348,0.0725514,0
14.6202,30.6276,0.366155,119.027,9.96226,3.56417,0.192112,16.1161,28.6778,3.06113,0.104363,125.393,83.452,4.29701,0.0544719,58.8935,12.4524,3.24042,0.200279,94.669,66.4531,3.68601,0.114458,89.7379,107.87,2.84485,0.103951,33.6939,87.2069,4.03223,0.14221,50.6514,53.1543,3.48064,0.088155,0
15.111,30.8307,0.419141,117.219,10.732,3.63378,0.20772,17.5691,29.6677,3.24031,0.101875,125.905,81.4761,4.5091,0.0422969,56.515,12.0783,3.25535,0.22316,94.8957,64.6957,3.84901,0.123003,92.6514,108.764,2.98244,0.0798947,32.9971,88.734,4.02823,0.158517,49.5244,51.2412,3.28608,0.0635331,0
15.8174,31.1765,0.478922,117.804,9.9006,3.52739,0.199261,16.6017,32.2811,2.75035,0.0830791,126.856,81.1219,4.44265,0.0452112,56.701,12.1251,3.30237,0.208199,93.6959,59.6484,3.83316,0.162692,90.2469,109.313,3.59136,0.0738365,31.891,88.4753,4.11049,0.151702,47.8925,51.7381,3.54023,0.0760189,0
16.6268,31.5845,0.462467,116.102,8.39277,3.56459,0.205787,16.5456,31.0923,3.00923,0.0890434,124.435,79.5146,4.2711,0.0371222,52.9927,9.62872,3.45664,0.194814,94.8507,55.3056,3.91839,0.149576,91.8826,109.571,3.32921,0.0921645,34.9617,89.1567,3.6484,0.159016,49.1187,48.8066,3.54995,0.0724767,0
17.3394,31.9424,0.460051,116.816,7.7972,3.57722,0.194852,17.217,33.7317,3.3898,0.0880218,122.208,72.195,4.17984,0.0382353,51.663,8.16708,3.50968,0.202281,91.3309,53.2618,3.26887,0.165337,92.4913,108.587,2.69553,0.0730331,30.9867,89.3986,3.93483,0.159212,51.1058,51.0531,3.59957,0.0790273,0
18.0506,32.2872,0.443491,117.211,8.48536,3.56212,0.179234,17.715,33.816,2.7821,0.123209,115.569,73.9877,3.96367,0.0778844,50.8002,7.53973,3.47083,0.183719,90.0266,53.986,3.46146,0.130625,94.4763,111.496,2.97154,0.0788437,32.2911,88.6262,4.38135,0.156587,52.1327,52.5925,3.73058,0.069898,0
18.6506,32.577,0.456888,114.448,7.45862,3.58579,0.176843,18.4106,33.768,3.36596,0.151968,113.547,74.2317,3.85277,0.0775687,49.1864,7.74045,3.46344,0.169941,90.0431,46.3347,3.22999,0.108846,93.1872,109.858,2.52821,0.0803668,32.0638,86.6543,3.8738,0.176571,52.149,54.6111,3.92972,0.0578955,0
19.4867,32.9831,0.445185,115.232,7.52918,3.60208,0.163302,20.7005,35.2961,3.65683,0.119011,110.019,71.9274,4.00108,0.113536,48.0062,7.03561,3.52475,0.15637,92.0553,40.1186,3.05259,0.100703,95.1733,110.133,2.86072,0.0845915,32.1935,84.6055,3.93273,0.180591,52.6045,55.8303,3.57933,0.081895,0
20.3338,33.3768,0.418517,114.717,7.36418,3.53522,0.169066,21.1494,36.1299,3.6554,0.146459,107.442,74.5609,3.66294,0.114322,47.6125,6.67774,3.57142,0.158797,94.3618,37.3208,2.77745,0.0871268,96.079,110.79,2.99317,0.075998,29.4752,87.0163,4.12522,0.174842,54.2889,55.9891,3.78285,0.0733888,0
21.0745,33.6887,0.375389,113.925,6.37195,3.5017,0.142286,21.8862,35.7537,3.57913,0.157917,106.648,75.1646,4.08821,0.0963517,45.1004,6.46889,3.5073,0.166067,101.373,40.499,2.78761,0.0836901,94.6004,111.739,2.41217,0.0854845,30.4975,86.2582,3.93748,0.201215,56.5197,59.8213,3.84644,0.0669882,0
21.7042,33.9216,0.332304,112.932,6.79581,3.40176,0.149789,23.2554,36.271,3.93841,0.174234,107.264,76.7033,3.2508,0.118542,45.9566,6.70606,3.42168,0.170833,102.021,39.0088,2.93767,0.0921974,95.4161,111.699,2.90558,0.0789556,30.0833,86.753,3.74118,0.152771,61.3087,61.3683,3.61131,0.0626787,0
22.4548,34.1645,0.305836,114.512,6.54134,3.45142,0.11803,24.445,36.587,3.6693,0.221152,108.544,74.8558,3.30464,0.120281,43.5357,6.59552,3.42407,0.117801,103.999,40.7849,2.85451,0.0940204,99.1615,111.732,2.20807,0.0730171,28.6647,83.4774,3.92698,0.193327,62.736,63.249,3.65163,0.0623716,0
23.2101,34.4138,0.335439,112.234,6.76251,3.39262,0.114915,24.4519,36.4903,3.82909,0.236977,108.266,75.5327,3.84222,0.117044,43.2327,7.08182,3.3526,0.113122,104.725,39.6235,2.59157,0.0797692,97.3309,112.018,1.91557,0.0533545,27.8562,81.2559,4.24447,0.230532,62.1781,63.1899,3.66622,0.054286,0
23.9582,34.6889,0.370345,112.973,6.58216,3.47185,0.0797512,25.2893,37.1645,3.54442,0.284322,108.31,74.4137,3.71346,0.122963,44.6139,7.4993,3.39314,0.0879125,104.31,41.8538,3.25094,0.0857641,95.522,111.642,2.63524,0.0491191,27.9163,82.4368,4.46894,0.212519,63.02,63.1544,3.66837,0.0776487,0
24.6825,35.0021,0.453361,112.433,6.80892,3.5745,0.0769215,25.4808,35.907,3.94244,0.318396,108.926,74.6654,3.79231,0.125664,43.0067,6.21324,3.44506,0.061602,105.072,40.8012,3.01522,0.0822643,98.3474,109.584,3.48106,0.0286762,27.9335,80.6211,4.69942,0.234978,62.9399,64.235,3.83809,0.0714975,0
25.3661,35.3834,0.579026,110.05,7.19885,3.46432,0.0620129,26.0549,37.2282,3.96403,0.3214,109.257,75.258,3.77926,0.139211,43.9575,6.16554,3.67109,0.0571084,107.979,42.7088,3.49617,0.0764629,101.964,109.144,3.15936,0.0476302,28.8545,83.1382,4.67627,0.250257,60.6804,62.2645,4.34272,0.0459178,0
25.8913,35.7769,0.70842,109.467,7.49492,3.47745,0.0386843,26.4697,36.7938,4.1978,0.360457,111.343,75.7488,4.1392,0.126663,40.344,6.32441,3.75484,0.0523151,105.933,40.478,3.59263,0.0861374,101.516,108.179,3.32318,0.0262555,27.7726,79.674,5.18033,0.234811,64.8093,61.6548,4.04928,0.0746767,0
26.5273,36.4327,0.893365,112.998,7.04581,3.87643,0.0236497,26.6629,37.9065,4.37824,0.397784,111.516,75.9836,4.56492,0.131648,42.4598,7.24197,3.69593,0.0269355,109.076,41.3524,3.38009,0.0849939,100.379,105.646,3.41074,0.0264038,28.0298,79.3129,4.79691,0.250432,66.2136,60.3967,3.477,0.0581531,0
27.0333,37.1935,1.07732,110.353,10.5015,4.1487,0.0202807,26.2059,38.0321,4.66024,0.414374,111.336,75.7665,4.86757,0.145367,38.4411,7.90546,3.80292,0.0221311,109.513,41.2096,3.71675,0.0688178,102.801,110.495,4.3175,0.020137,27.3906,80.3837,5.20846,0.250808,65.7943,61.126,3.93537,0.058084,0
27.2584,37.6697,1.18414,107.679,9.55134,4.47092,0.0315918,26.6456,38.5054,4.23112,0.380899,113.325,76.5743,4.40169,0.130729,38.1864,10.7995,4.02897,0.0119695,109.924,42.6946,4.08977,0.0796611,103.855,106.71,3.89154,0.0130009,27.7427,79.4414,4.94062,0.284533,65.568,58.0547,3.9995,0.0676152,0
27.5007,38.4162,1.33185,109.665,10.1086,4.61625,0.0142947,26.7009,38.7816,4.36766,0.44458,111.704,76.2865,4.74947,0.136042,35.277,9.71485,3.91043,0.0182298,108.15,43.7046,3.58092,0.0896474,99.5048,104.931,3.80387,0.011245,27.7492,79.492,5.47107,0.243174,67.3072,59.9576,4.29121,0.0427872,0
27.6336,39.1889,1.45839,107.358,12.9648,3.95926,0.0129383,26.9329,39.8079,4.46243,0.467605,110.976,76.7265,4.17622,0.119858,36.9096,13.9097,3.67803,0.014474,108.49,43.3095,4.07613,0.0778999,103.277,107.589,3.93284,0.00873509,28.1299,81.0134,5.40946,0.248002,67.6601,59.276,4.30485,0.0504872,0
27.7095,40.1057,1.48836,109.153,15.1434,4.19541,0.0143345,26.8243,40.4015,4.59633,0.491693,111.119,75.9484,4.70896,0.0900337,35.5823,11.4573,3.14387,0.0142757,108.869,42.1601,3.92344,0.0838274,103.977,105.588,4.28745,0.0179978,27.7783,81.2765,5.37963,0.251138,68.2817,60.2042,3.86478,0.0366994,0
27.827,40.9047,1.35102,103.893,16.6697,4.33392,0.0170561,27.2479,41.0015,4.81515,0.498491,111.835,76.6267,4.34285,0.0837589,31.661,11.4914,4.25549,0.00825667,108.969,42.3043,3.88861,0.0862276,101.129,102.089,2.76395,0.0099451,27.48,81.635,5.52218,0.27013,69.9215,57.0644,3.89356,0.0261348,0
28.0147,41.5568,1.22866,99.634,20.0589,3.26539,0.0107313,27.2065,41.1988,4.3009,0.520767,111.921,77.2376,4.49964,0.100624,30.6526,7.72237,2.38989,0.00905418,109.688,42.8992,4.30829,0.0574002,103.323,101.81,3.13807,0.0201801,27.2923,82.1483,5.30083,0.238712,70.3526,58.0757,3.52307,0.042531,0
28.3381,42.301,1.07908,104.287,17.7944,3.13851,0.0105999,27.7325,42.6458,3.95204,0.539576,112.964,78.0146,4.26853,0.0878536,30.2205,12.3447,3.67587,0.00682924,110.258,41.2918,3.79449,0.0522976,102.189,103.655,2.80231,0.0125088,27.9842,82.8118,4.92804,0.25556,67.0984,58.9618,3.49464,0.0347749,0
28.7759,42.9861,0.911825,100.971,14.7491,2.17327,0.012549,27.7999,43.0986,4.05801,0.526278,112.198,77.1768,4.1796,0.0749439,31.2677,12.8375,2.49185,0.00735148,110.578,41.217,3.74593,0.0525803,103.322,103.61,2.79898,0.0100625,27.9701,83.321,5.07523,0.280703,65.1004,60.0435,3.13402,0.0355317,0
29.3278,43.585,0.738023,100.803,14.8139,3.34049,0.00657942,28.3995,44.0485,4.08013,0.560222,111.319,76.1897,3.62229,0.0728085,42.5041,17.3416,2.87671,0.00542866,110.25,40.9864,3.51742,0.0560466,103.128,104.33,2.57876,0.0119614,27.7109,83.0819,5.02414,0.257625,68.5096,60.9287,3.4058,0.0293285,0
29.9743,44.0785,0.564732,103.397,12.8534,3.08513,0.00783612,29.1691,44.0168,3.71848,0.582071,112.261,77.8559,3.53891,0.0776486,33.453,16.2264,2.60073,0.011942,111.146,41.8972,3.04853,0.0553073,102.895,102.634,2.89623,0.0123053,28.7159,83.5251,4.37127,0.225098,67.7973,62.9683,2.4012,0.0277917,0
30.6946,44.4584,0.391984,102.408,16.0195,2.76589,0.00743003,29.6702,44.8253,3.16458,0.504943,111.623,77.2519,3.53763,0.0696387,33.2574,15.6938,2.75022,0.020387,109.637,38.5367,2.91243,0.0649571,92.3817,102.152,2.67031,0.0123728,29.7543,84.9645,4.37798,0.28865,68.2152,61.4648,2.81525,0.0316216,0
31.4683,44.7081,0.233995,104.837,16.8083,4.11749,0.00665118,30.6005,45.0693,3.16307,0.563312,112.834,77.4114,3.33949,0.0619084,37.3386,15.8158,1.62511,0.00921418,111.096,40.178,3.08984,0.0520187,97.4116,103.334,2.8943,0.00529012,30.112,85.8646,4.34395,0.269255,65.3113,59.6514,3.1552,0.0323499,0
32.2693,44.8362,0.0887029,99.6351,13.7449,3.69899,0.00892966,31.806,45.2988,2.91175,0.587081,111.474,78.3613,3.04157,0.0584026,39.5152,17.2864,2.072,0.00888095,110.805,40.8858,3.08853,0.03762,95.4169,105.296,2.82201,0.00798504,31.4895,85.678,4.24798,0.27024,62.8467,62.3133,2.86889,0.0208606,0
33.0796,44.8569,-0.0409045,104.957,16.3465,5.14646,0.00679277,32.8628,45.8315,2.90542,0.536964,109.691,77.5347,3.19065,0.0578856,33.6164,13.2935,3.02709,0.0125326,107.047,41.779,3.09318,0.0458584,99.3798,104.021,3.03307,0.00841878,32.1457,86.0346,3.92363,0.30423,64.0349,60.129,3.06793,0.0273186,0
34.0143,44.7764,-0.109024,107.38,21.7854,3.40269,0.0103092,34.0723,45.5063,2.682,0.578911,107.441,76.7629,3.59858,0.056966,32.9412,14.1497,2.79345,0.00929445,105.948,41.6764,2.01126,0.0515402,97.3053,103.875,2.13815,0.0124555,33.1567,85.3067,3.75921,0.252882,65.7094,64.9559,2.19135,0.0276416,0
34.81,44.6781,-0.137166,107.9,23.1774,3.09136,0.014119,34.5449,45.1387,2.78384,0.564896,107.6,76.4572,2.9327,0.0516564,32.3294,12.5392,2.87285,0.0117474,107.354,42.7246,2.75245,0.043439,106.662,106.575,3.13521,0.00600639,32.867,85.0415,4.10583,0.278693,66.5784,60.0268,3.03971,0.0294428,0
35.6023,44.5625,-0.152258,104.995,21.8749,3.29529,0.0149933,35.0037,45.3344,2.81713,0.601096,107.105,76.1775,2.87776,0.0527044,30.1276,10.2237,3.76931,0.0107897,106.991,41.7637,2.66389,0.0428606,105.566,107.507,2.98628,0.010361,33.7278,85.677,4.08128,0.240649,62.4073,61.3154,2.75037,0.0265467,0
36.393,44.4399,-0.155576,107.224,19.4006,2.84857,0.00834303,36.2942,45.1384,2.86181,0.593602,107.769,76.0732,3.05896,0.0425684,36.664,11.2487,2.08447,0.00714844,105.281,40.506,3.07406,0.0450754,108.659,111.515,2.91571,0.00684122,35.008,85.5983,4.11401,0.273741,63.3688,57.1074,3.00037,0.0226807,0
37.1803,44.3362,-0.101678,108.706,15.5323,3.00479,0.00905456,37.0985,45.0468,3.03852,0.575596,104.584,76.0954,3.25979,0.0605979,31.7088,8.45696,3.00909,0.0106368,107.78,41.3402,3.07092,0.0463835,107.998,108.92,3.66839,0.00328395,35.8689,85.5607,3.80471,0.256042,62.434,54.6736,2.69719,0.038405,0
37.9728,44.2791,-0.0442699,111.788,12.3618,2.88381,0.00884229,37.8378,44.7127,3.39163,0.614859,103.112,75.6518,2.8906,0.0424061,27.1143,10.6942,2.81739,0.0106102,104.686,39.7892,3.08082,0.0338254,105.587,109.034,3.50344,0.00431576,36.1589,85.4982,4.19034,0.248457,61.8331,52.9493,3.17777,0.0366847,0
38.7674,44.2642,0.00782896,108.478,7.88749,3.24849,0.00577415,38.7049,44.5677,3.3642,0.590591,101.972,76.5194,3.60779,0.060708,34.3317,10.5503,1.5798,0.0160919,104.571,38.9303,2.5236,0.0424782,105.272,108.59,2.71312,0.0127493,37.0881,85.49,4.25591,0.22174,60.5567,49.1972,2.29088,0.0498679,0
39.5626,44.2867,0.0492661,110.495,7.68214,2.64681,0.0100187,38.3727,44.5888,3.58615,0.607705,104.283,75.8616,3.38451,0.0493019,31.0595,11.9346,2.53222,0.0122255,105.916,40.4858,3.4734,0.0427607,104.028,109.027,2.86071,0.0113572,37.2604,85.2535,4.32096,0.202573,57.5122,47.4945,3.18779,0.0640578,0
40.3584,44.3382,0.0792979,107.387,7.89811,2.78953,0.00507436,38.7547,44.7803,3.54482,0.572281,99.6298,75.3457,3.41705,0.0431145,31.0819,12.5468,2.30347,0.0126259,108.192,39.9417,3.35716,0.0314159,100.024,109.276,3.3809,0.00880255,38.3376,85.9041,4.36568,0.217468,55.0284,46.0024,3.35206,0.109217,0
41.1487,44.4257,0.143991,106.582,9.53067,3.06309,0.00587953,38.4059,44.5401,3.51203,0.488361,99.2311,77.0995,3.51865,0.0630417,30.9244,11.9952,2.05398,0.00793973,105.613,37.6777,2.6577,0.0363747,104.879,109.382,2.91128,0.0111827,38.1582,85.2495,4.35395,0.225883,52.2458,44.9216,3.06229,0.161337,0
41.9298,44.566,0.213219,105.427,8.79014,2.87508,0.00589608,38.532,44.3442,3.74636,0.457445,98.2015,76.4492,3.52609,0.0585074,31.0864,15.3636,2.03981,0.00950817,104.243,39.1104,3.10656,0.0344771,106.147,106.489,3.70243,0.0102439,38.9124,85.325,4.77122,0.180158,51.6125,44.7733,3.351,0.243764,0
42.7023,44.7541,0.260745,108.917,9.49587,3.72236,0.00807616,38.3557,44.4365,3.51034,0.425916,94.5595,75.6721,3.53211,0.0536665,31.6466,10.3908,3.15777,0.0144769,102.308,40.3213,3.09135,0.0412643,107.867,106.212,2.81592,0.0123573,38.8453,85.6686,4.39906,0.163007,51.4457,44.8682,3.44475,0.281236,0
43.4701,44.9685,0.281712,105.705,11.2695,3.40257,0.00405272,38.5413,44.2127,3.62809,0.400245,93.7409,75.6745,3.4702,0.0495407,28.35,12.7418,3.70384,0.0113661,101.556,38.6734,3.42781,0.0343695,111.066,107.277,3.29472,0.0157666,39.9634,84.9277,4.52895,0.198198,51.3274,45.2902,3.19868,0.286462,0
44.2359,45.1972,0.293225,118.976,15.9447,2.64509,0.00362569,38.2229,44.4627,3.72014,0.38224,92.1171,75.0165,3.38159,0.0602992,28.2252,10.3862,2.4978,0.0123293,103.086,39.563,3.15481,0.0498153,105.053,108.524,3.24424,0.0165832,40.2099,85.7267,4.41959,0.178112,52.0803,45.0414,3.28957,0.296996,0
45.0021,45.4308,0.30802,111.408,12.7355,4.77549,0.00754329,38.8206,44.4895,3.46659,0.354322,90.9378,74.661,3.35476,0.0551621,34.8638,9.91879,2.50087,0.0132156,99.8898,41.9727,3.58631,0.0343948,107.819,109.021,3.16155,0.0103967,38.8872,86.3195,4.25695,0.156849,52.6919,45.114,3.32834,0.368116,0
45.8815,45.729,0.345771,108.208,8.81289,3.43541,0.013132,39.1788,44.6618,3.87873,0.383273,91.41,73.8893,3.23832,0.0578331,31.9599,10.3189,1.45468,0.01042,98.4088,40.9588,4.05916,0.0276742,113.316,104.845,2.59647,0.0110835,38.8438,85.7794,4.46447,0.147908,52.9771,45.2761,3.3081,0.348676,0
46.5085,45.9576,0.352795,114.055,13.695,2.52932,0.00623981,39.23,44.8269,4.1861,0.359878,88.395,74.2201,3.41069,0.0655269,37.4191,10.5255,2.14238,0.00804636,100.809,38.5481,3.83746,0.037547,110.303,101.932,2.53249,0.0172937,40.0711,86.6703,4.3954,0.140781,54.0097,45.35,3.63109,0.364687,0
47.2605,46.2305,0.341934,113.368,17.4651,2.43298,0.0122904,40.4223,44.7955,3.79218,0.330241,87.6845,73.504,3.36146,0.0528692,37.6858,9.06918,1.20999,0.0085689,99.4532,41.8595,3.00763,0.0393449,111.721,101.031,3.39012,0.00954931,39.2924,87.2359,3.58384,0.128269,54.9692,45.5779,3.75882,0.418867,0
48.0168,46.4933,0.322879,103.557,9.96633,3.3781,0.0076407,41.0891,44.8975,4.09021,0.349457,84.6275,73.6866,3.33172,0.0559177,34.7949,10.0457,2.14336,0.0115226,100.58,41.9505,3.68971,0.0369688,114.601,96.5888,3.58145,0.0110033,39.6101,86.7772,4.17553,0.123842,56.0032,45.7647,3.72408,0.403647,0
48.7803,46.7407,0.31507,101.019,10.5355,3.21198,0.00904741,42.1003,45.0989,3.88904,0.37825,83.3411,73.9876,3.36446,0.0623483,31.9371,8.04199,2.97861,0.00896704,103.145,43.4697,3.13197,0.0355753,114.101,92.9996,3.14728,0.0165992,39.7523,87.1688,3.78992,0.109854,56.6694,45.878,3.50572,0.379359,0
49.5387,46.9924,0.32589,113.145,11.4574,2.66045,0.00718313,42.4891,45.2632,3.804,0.391478,83.1444,73.6056,3.25776,0.0548752,34.1099,10.4272,2.91239,0.0092028,101.814,39.7016,3.56876,0.0238143,109.403,95.9064,2.99144,0.0205461,38.505,87.0373,3.96531,0.0961948,57.4495,46.0579,3.92669,0.396706,0
50.2958,47.2468,0.319616,109.284,12.4853,1.69479,0.0105745,42.6788,45.3707,3.96707,0.349875,82.0677,73.5822,3.40844,0.0631427,33.7342,10.6465,1.90903,0.0081974,101.618,42.9628,4.09023,0.029176,112.074,94.1138,3.013,0.0207497,39.691,85.7668,3.95053,0.102486,57.6969,46.0689,3.29434,0.415798,0
51.0578,47.4943,0.304623,116.502,13.0258,3.44678,0.00828297,43.4782,45.7275,3.05594,0.354688,80.8206,73.7155,3.18101,0.0537829,34.8206,11.2965,1.65993,0.0147921,98.2681,42.9661,3.99941,0.0353563,107.524,99.1839,3.16081,0.0237043,40.6176,85.2579,3.83127,0.0985858,58.9826,46.348,3.42623,0.410807,0
51.826,47.7246,0.275782,105.755,17.3783,3.04368,0.00382511,44.1166,45.9242,3.49683,0.363696,79.4877,72.2199,3.26207,0.0593219,30.603,11.6952,1.74836,0.00788517,93.5594,45.1311,3.7491,0.0428363,112.113,88.0535,3.54275,0.0150963,39.601,86.1048,3.48897,0.110537,60.248,46.6806,3.3096,0.396802,0
52.6024,47.9293,0.239644,111.539,23.1351,2.68735,0.0176058,44.417,46.338,3.92926,0.406389,77.8678,72.6703,3.20756,0.0685891,30.1988,12.1206,2.02186,0.0102776,95.0196,46.0848,3.44012,0.0434997,108.399,90.0705,3.35397,0.0223527,38.8854,86.2028,3.52112,0.0722019,61.3484,46.6832,3.41937,0.359084,0
53.3774,48.1215,0.248856,111.937,23.7871,2.61175,0.0156462,45.6551,46.4691,3.58181,0.406008,80.3312,72.5935,3.23815,0.0684193,39.613,10.3126,2.32926,0.0132238,94.9737,45.6738,3.11916,0.0360589,107.783,90.2076,2.62893,0.0199374,40.1284,86.491,3.75836,0.0652892,61.1951,46.7966,3.27645,0.375417,0
54.0234,48.2896,0.256621,115.546,19.5568,1.23947,0.0104701,45.6612,46.4659,3.36293,0.389552,78.2052,72.5614,3.11382,0.0634148,34.9822,12.6791,2.56167,0.0112681,92.2188,44.5567,3.27706,0.0428939,109.121,93.1294,2.98701,0.0209771,38.642,87.1741,3.58865,0.0766174,61.1123,46.9401,3.6076,0.384806,0
54.7978,48.4908,0.249854,110.959,17.3419,3.23956,0.00781393,46.2976,46.5372,3.52363,0.333587,76.3356,72.2074,3.29021,0.0828634,33.1519,13.373,1.61227,0.0168501,89.0531,45.7155,3.16482,0.0588868,111.232,94.4985,3.3213,0.0195013,38.3254,89.2318,3.3371,0.0637312,61.0845,47.2275,3.61851,0.416766,0
55.5759,48.6821,0.232337,106.963,23.6667,2.71991,0.0113145,46.3094,46.9185,3.44386,0.364144,78.0464,72.2797,3.25562,0.0865741,33.8152,11.9184,1.90151,0.0114336,89.2266,45.9445,3.05538,0.0761202,109.315,91.3751,2.99192,0.0202016,36.6631,87.4781,3.92984,0.0539973,62.3076,47.4163,3.67462,0.376215,0
56.3583,48.8578,0.206935,103.752,27.8278,3.23789,0.0144469,47.1751,47.1999,3.8308,0.380779,73.7961,71.6931,3.2956,0.0689064,33.6249,12.9868,1.2816,0.027899,86.9428,46.9376,2.61669,0.0632488,107.424,87.8915,3.01801,0.0170247,37.54,86.9978,3.57183,0.0557701,62.9652,47.5937,3.49848,0.371925,0
57.2707,49.0517,0.219898,107.895,34.1656,3.25857,0.0179043,47.5743,47.1509,3.74135,0.375319,74.5749,72.0137,3.2828,0.0701752,37.53,11.9635,1.24939,0.0233715,87.0144,47.6069,2.77866,0.0598281,111.07,84.1681,2.79869,0.0251779,39.3338,86.8059,4.14106,0.0431973,63.3252,47.7959,3.10936,0.385027,0
58.1764,49.2637,0.234596,108.586,33.8328,3.6383,0.0238208,48.3037,47.4178,3.46043,0.363718,74.8667,72.4591,3.22615,0.0607137,34.9357,10.1924,1.95366,0.0233473,85.0295,47.7355,2.62038,0.0660705,111.511,87.5356,2.17591,0.0136486,37.9022,85.2319,3.11769,0.0477491,63.6765,47.8087,3.47416,0.400932,0
58.9543,49.4493,0.231051,106.873,37.0615,3.33181,0.0227113,48.7985,47.5143,3.67228,0.36307,71.622,71.8038,3.26927,0.0655945,35.7635,10.0518,1.25892,0.0194594,82.0582,47.8364,2.20812,0.0899333,109.976,84.5825,2.60639,0.0317957,39.6548,88.4927,2.90562,0.0416735,63.9909,47.9405,3.32456,0.365762,0
59.7344,49.6289,0.226826,106.703,38.4814,3.79811,0.0367986,48.5143,47.7196,3.67966,0.359618,75.6169,71.645,3.18123,0.0653432,32.694,12.6933,1.65263,0.0231029,80.3837,47.8255,2.61575,0.108052,110.92,83.3422,2.83451,0.0262095,40.1621,84.6613,3.20519,0.037456,64.2698,48.2048,3.65336,0.34342,0
60.5081,49.8212,0.259718,107.823,40.9612,4.28665,0.0388695,48.7773,47.9649,3.70362,0.354156,77.4251,71.4927,3.30489,0.0537621,33.9313,11.5119,1.71335,0.0175688,77.903,48.1816,3.29369,0.138583,110.86,82.9008,2.29286,0.0160433,37.8184,85.7749,3.04893,0.0402557,63.443,48.1971,3.61962,0.340762,0
61.1498,50.0003,0.279682,94.4318,48.4745,6.57031,2.80073e-05,48.9536,48.033,3.80747,0.374896,76.0848,72.1361,3.35672,0.00111293,33.0402,15.569,3.85148,0.000276144,77.0496,48.2953,2.85186,0.0127749,0,0,0,0,37.1891,85.7084,6.13151,4.12874e-05,63.2886,48.2978,3.75505,0.610871,1
61.9166,50.225,0.29116,106.576,45.813,2.46332,0.0150195,49.4665,48.2185,3.97302,0.370135,76.1844,83.7416,3.45276,0.0116278,28.0764,32.4082,4.38689,0.00167941,74.6061,48.8081,3.10801,0.0880517,0,0,0,0,34.794,88.8289,3.85922,0.00880648,62.9125,48.4913,3.72305,0.504681,0
62.6843,50.4521,0.283764,0,0,0,0,50.0757,48.5461,3.86624,0.29174,0,0,0,0,0,0,0,0,74.775,49.395,3.16447,0.0037725,0,0,0,0,41.883,113.337,4.02635,1.60877e-06,62.0346,48.5761,3.64316,0.704486,1
63.456,50.6684,0.261199,0,0,0,0,50.0129,48.8219,3.86486,0.0884509,0,0,0,0,0,0,0,0,0,0,0,0,0,0,0,0,0,0,0,0,62.2539,48.9351,3.68709,0.911549,1
64.2278,50.8812,0.278336,0,0,0,0,50.9627,49.5578,3.41321,0.00303819,0,0,0,0,0,0,0,0,0,0,0,0,0,0,0,0,0,0,0,0,63.4418,49.0941,3.63853,0.996962,1
64.9933,51.1068,0.290357,23.1524,19.2928,5.14012,0.00333747,52.425,50.819,3.11604,0.0804505,0,0,0,0,0,0,0,0,0,0,0,0,0,0,0,0,0,0,0,0,65.3132,49.4392,3.78744,0.916212,0
65.7598,51.3356,0.290489,0,0,0,0,53.8303,49.6468,4.85351,0.00059057,0,0,0,0,0,0,0,0,0,0,0,0,0,0,0,0,0,0,0,0,67.4203,49.6024,3.41883,0.999409,1
66.5297,51.5597,0.27442,21.1313,10.175,4.02914,0.00445162,55.7132,50.7144,3.42316,0.110972,0,0,0,0,0,0,0,0,0,0,0,0,0,0,0,0,0,0,0,0,68.7296,50.205,3.59484,0.884576,0
67.2976,51.7836,0.295097,0,0,0,0,58.2586,50.6703,3.52581,0.00478453,0,0,0,0,0,0,0,0,0,0,0,0,0,0,0,0,0,0,0,0,69.7886,50.023,3.54401,0.995215,1
68.0589,52.0238,0.311215,36.7231,9.98196,1.66013,0.00315921,58.266,51.1671,4.00732,0.139456,0,0,0,0,0,0,0,0,0,0,0,0,0,0,0,0,0,0,0,0,72.1589,50.5547,3.68977,0.857385,0
68.8211,52.2682,0.305724,0,0,0,0,59.8345,51.6129,2.55104,0.0377222,0,0,0,0,0,0,0,0,0,0,0,0,0,0,0,0,0,0,0,0,73.4297,50.9065,3.93926,0.962278,1
69.5871,52.5035,0.290298,0,0,0,0,61.5026,51.3643,3.58068,0.99991,0,0,0,0,0,0,0,0,0,0,0,0,0,0,0,0,0,0,0,0,74.2272,51.2806,4.14241,8.95038e-05,1
70.3578,52.7233,0.263382,0,0,0,0,61.993,51.3491,3.5671,1,0,0,0,0,0,0,0,0,0,0,0,0,0,0,0,0,0,0,0,0,0,0,0,0,1
71.1289,52.9233,0.254413,0,0,0,0,63.7787,51.6426,3.5495,1,0,0,0,0,0,0,0,0,0,0,0,0,0,0,0,0,0,0,0,0,0,0,0,0,1
71.7721,53.0956,0.267007,0,0,0,0,65.3385,51.875,3.55762,1,0,0,0,0,0,0,0,0,0,0,0,0,0,0,0,0,0,0,0,0,0,0,0,0,1
72.6705,53.3421,0.26886,0,0,0,0,66.4933,52.0141,3.68421,1,0,0,0,0,0,0,0,0,0,0,0,0,0,0,0,0,0,0,0,0,0,0,0,0,1
73.4442,53.5502,0.255263,0,0,0,0,66.6789,51.9942,3.45311,1,0,0,0,0,0,0,0,0,0,0,0,0,0,0,0,0,0,0,0,0,0,0,0,0,1
74.3425,53.7973,0.283042,0,0,0,0,68.0558,52.4582,3.70213,1,0,0,0,0,0,0,0,0,0,0,0,0,0,0,0,0,0,0,0,0,0,0,0,0,1
74.9795,53.9904,0.305957,23.4828,20.6952,1.36572,0.00397076,69.874,52.7193,3.60445,0.996029,0,0,0,0,0,0,0,0,0,0,0,0,0,0,0,0,0,0,0,0,0,0,0,0,0
75.7414,54.2331,0.310626,28.6768,39.2717,2.79467,0.0174418,71.3865,53.3828,3.50636,0.98198,12.6119,9.15463,0.686291,0.000577728,0,0,0,0,0,0,0,0,0,0,0,0,0,0,0,0,0,0,0,0,0
76.506,54.4729,0.29607,0,0,0,0,72.1252,53.5042,3.78618,1,0,0,0,0,0,0,0,0,0,0,0,0,0,0,0,0,0,0,0,0,0,0,0,0,1
77.2686,54.7127,0.315791,0,0,0,0,73.2453,54.2044,3.80072,1,0,0,0,0,0,0,0,0,0,0,0,0,0,0,0,0,0,0,0,0,0,0,0,0,1
78.0251,54.9686,0.331454,0,0,0,0,74.6187,54.4659,3.66232,1,0,0,0,0,0,0,0,0,0,0,0,0,0,0,0,0,0,0,0,0,0,0,0,0,1
78.7813,55.2291,0.332241,0,0,0,0,75.2142,55.4132,3.74249,1,0,0,0,0,0,0,0,0,0,0,0,0,0,0,0,0,0,0,0,0,0,0,0,0,1
79.5415,55.484,0.314353,0,0,0,0,76.4647,55.3138,3.72263,1,0,0,0,0,0,0,0,0,0,0,0,0,0,0,0,0,0,0,0,0,0,0,0,0,1
80.2981,55.7347,0.328889,0,0,0,0,76.8696,55.32,3.61933,1,0,0,0,0,0,0,0,0,0,0,0,0,0,0,0,0,0,0,0,0,0,0,0,0,1
81.0516,55.999,0.340257,0,0,0,0,77.939,55.9183,3.71604,1,0,0,0,0,0,0,0,0,0,0,0,0,0,0,0,0,0,0,0,0,0,0,0,0,1
81.8061,56.2651,0.338183,8.46155,23.7718,1.84716,0.000824874,79.1139,56.1739,3.60653,0.999175,0,0,0,0,0,0,0,0,0,0,0,0,0,0,0,0,0,0,0,0,0,0,0,0,0
82.5651,56.5236,0.317981,0,0,0,0,80.4569,56.3533,3.51327,1,0,0,0,0,0,0,0,0,0,0,0,0,0,0,0,0,0,0,0,0,0,0,0,0,1
83.3202,56.7765,0.331324,20.7777,18.5103,4.22592,0.00139845,80.624,56.8593,3.61384,0.998602,0,0,0,0,0,0,0,0,0,0,0,0,0,0,0,0,0,0,0,0,0,0,0,0,0
84.0736,57.0419,0.340292,28.5542,47.4121,3.83963,0.00571203,81.4091,56.9958,3.57548,0.993504,5.07422,13.3433,2.0157,0.000783849,0,0,0,0,0,0,0,0,0,0,0,0,0,0,0,0,0,0,0,0,0
84.829,57.3066,0.330223,0,0,0,0,83.5428,57.1939,3.67976,1,0,0,0,0,0,0,0,0,0,0,0,0,0,0,0,0,0,0,0,0,0,0,0,0,1
85.5903,57.5584,0.308419,30.7598,30.5373,3.97878,0.00299842,83.6801,57.0711,3.57263,0.997002,0,0,0,0,0,0,0,0,0,0,0,0,0,0,0,0,0,0,0,0,0,0,0,0,0
86.3474,57.8056,0.324491,0,0,0,0,84.4404,57.6879,3.78286,1,0,0,0,0,0,0,0,0,0,0,0,0,0,0,0,0,0,0,0,0,0,0,0,0,1
87.1025,58.0658,0.333475,27.607,33.3317,2.33091,0.00380668,85.1238,58.147,3.73232,0.996193,0,0,0,0,0,0,0,0,0,0,0,0,0,0,0,0,0,0,0,0,0,0,0,0,0
87.8597,58.3254,0.322902,30.6502,61.1313,3.31072,0.0154253,85.6681,58.0216,3.60218,0.983199,21.9277,6.43732,1.97646,0.0013756,0,0,0,0,0,0,0,0,0,0,0,0,0,0,0,0,0,0,0,0,0
88.6225,58.5719,0.30186,41.0847,72.7232,2.83021,0.0103614,86.7158,58.2561,3.7121,0.986842,39.6843,21.6198,2.79,0.00279703,0,0,0,0,0,0,0,0,0,0,0,0,0,0,0,0,0,0,0,0,0
89.5063,58.8572,0.323955,42.1668,71.8167,2.98188,0.0225209,88.2349,58.6121,3.651,0.966201,37.464,24.0559,2.84166,0.0112783,0,0,0,0,0,0,0,0,0,0,0,0,0,0,0,0,0,0,0,0,0
90.263,59.1156,0.329098,0,0,0,0,88.738,58.7017,3.69982,1,0,0,0,0,0,0,0,0,0,0,0,0,0,0,0,0,0,0,0,0,0,0,0,0,1
90.8948,59.3308,0.326899,24.2188,43.0797,3.09076,0.00318943,88.8597,58.8881,3.60314,0.996811,0,0,0,0,0,0,0,0,0,0,0,0,0,0,0,0,0,0,0,0,0,0,0,0,0
91.6563,59.5805,0.306155,30.097,55.5172,2.58764,0.0126562,90.1488,59.161,3.67951,0.986115,29.2418,9.29657,1.57548,0.00122921,0,0,0,0,0,0,0,0,0,0,0,0,0,0,0,0,0,0,0,0,0
92.4148,59.8284,0.325842,30.8622,78.8412,2.36514,0.0130764,89.9006,59.3334,3.6593,0.98063,30.4435,18.9494,3.39591,0.00597416,5.95369,30.4063,5.32137,0.000319466,0,0,0,0,0,0,0,0,0,0,0,0,0,0,0,0,0
93.1702,60.0894,0.334,30.3769,84.1007,3.66101,0.00813404,91.2328,59.2271,3.43748,0.98306,44.6339,19.935,3.28847,0.00731707,11.177,25.9541,2.97429,0.0010117,14.5463,10.0058,3.82768,0.000477157,0,0,0,0,0,0,0,0,0,0,0,0,0
93.9273,60.3492,0.322684,33.6801,83.0414,3.47875,0.0140881,91.1854,59.6503,3.61703,0.971863,46.1112,30.7356,2.36373,0.00948776,21.0113,47.0219,3.36351,0.00378517,19.5251,8.63039,3.22967,0.000776111,0,0,0,0,0,0,0,0,0,0,0,0,0
94.69,60.5953,0.301307,37.4029,95.1052,2.78512,0.00902441,91.4175,60.0235,3.36113,0.978523,49.189,27.3412,2.83786,0.00429703,31.041,48.7991,3.04374,0.00690228,20.6851,10.5676,1.70187,0.00125292,0,0,0,0,0,0,0,0,0,0,0,0,0
95.4493,60.8405,0.322782,34.4982,96.3353,2.77653,0.00745262,92.2717,60.3676,3.51639,0.978415,45.9807,27.0796,3.86301,0.00326812,36.1345,51.7016,3.2554,0.00724585,25.702,14.0364,3.91988,0.00361803,0,0,0,0,0,0,0,0,0,0,0,0,0
96.2055,61.0995,0.331811,35.386,92.6537,4.02847,0.00951474,92.6298,60.4351,3.48235,0.966699,59.1653,24.8731,2.90741,0.00297878,44.754,57.9395,2.06005,0.0160405,26.3993,23.1761,3.67025,0.0043656,3.70043,4.91997,0.988658,0.000401294,0,0,0,0,0,0,0,0,0
96.9592,61.3616,0.345177,44.2506,95.7035,2.81751,0.00763303,93.689,60.6682,3.44951,0.951403,73.3471,17.2101,2.14365,0.00324897,57.2988,58.1626,3.01255,0.0304049,26.62,20.5292,3.78024,0.00731027,0,0,0,0,0,0,0,0,0,0,0,0,0
97.7054,61.6419,0.373976,36.358,90.4023,3.73539,0.00688859,94.4638,61.1474,3.78992,0.938084,96.0286,21.2104,2.46963,0.00534822,61.273,58.3772,3.15653,0.0439388,32.1683,25.7701,3.11381,0.00574038,0,0,0,0,0,0,0,0,0,0,0,0,0
98.442,61.9446,0.41216,31.8986,89.6022,2.99766,0.0108244,94.9302,61.4734,3.7124,0.925552,104.891,21.5882,2.44371,0.00400312,63.7314,58.0922,2.91859,0.0534223,29.6893,27.4231,3.14281,0.00619788,0,0,0,0,0,0,0,0,0,0,0,0,0
99.1629,62.2815,0.462308,24.9251,80.0585,4.41606,0.00746627,97.0516,62.1967,3.76044,0.911272,107.529,24.9769,2.92985,0.00638164,66.8899,58.6997,2.68784,0.0636263,33.4883,30.1887,3.33333,0.0108544,7.20541,12.3426,3.81245,0.000399923,0,0,0,0,0,0,0,0,0
99.8637,62.6559,0.51994,27.4046,78.9884,2.94914,0.0187436,97.2582,62.4222,3.69971,0.857674,107.525,30.7935,2.51362,0.0112075,71.8088,60.4252,3.20841,0.0975525,37.6884,25.0687,3.09199,0.0141536,21.9863,15.4522,3.36754,0.000668927,0,0,0,0,0,0,0,0,0
100.541,63.0702,0.579741,29.531,77.5613,2.27957,0.0210376,98.403,63.0767,3.94784,0.860153,111.312,27.8235,2.73659,0.00769782,73.6205,59.226,3.43686,0.100306,37.3932,33.1617,3.4078,0.00818165,22.1214,24.306,2.14347,0.00262387,0,0,0,0,0,0,0,0,0
101.204,63.5142,0.601243,36.343,80.6775,3.14085,0.0169729,99.6723,63.7083,3.92882,0.855288,109.269,22.9257,3.33483,0.0135357,76.1495,59.5813,3.52727,0.0972228,42.7226,40.0368,3.82778,0.0129125,20.6893,26.2174,2.11555,0.00406783,0,0,0,0,0,0,0,0,0
101.856,63.9735,0.624889,38.2942,79.8207,2.08927,0.0148161,100.391,64.323,4.02636,0.848251,106.606,26.9622,3.57722,0.00894528,76.6683,59.4937,4.0497,0.108369,48.1753,40.732,2.92388,0.0106722,25.2455,24.3106,2.64166,0.00778218,6.59864,3.42233,3.54352,0.00116469,0,0,0,0,0
102.497,64.4482,0.651147,34.0431,88.5069,2.42805,0.0148724,101.086,64.555,4.16078,0.838431,111.694,24.1953,3.49876,0.0122934,79.8064,61.4212,2.78894,0.096747,50.4356,48.2551,3.53403,0.0250743,32.0824,23.8729,3.24937,0.0117714,5.87265,22.1046,4.1294,0.000810636,0,0,0,0,0
103.124,64.9399,0.679066,31.9946,87.8061,2.19799,0.0155012,101.75,65.1864,4.10726,0.822908,113.397,22.1422,3.18223,0.0081751,83.631,62.4266,3.48453,0.104401,54.4842,54.0804,3.38526,0.0339356,35.7015,21.0549,3.35058,0.0123433,13.3602,34.3456,2.303,0.00228312,8.22642,4.32589,2.46048,0.000452575,0
103.738,65.4489,0.706033,30.9848,88.8859,3.37061,0.0171345,102.863,65.7742,4.30059,0.772271,110.812,23.4709,3.39201,0.0109612,86.6688,62.5576,3.57045,0.133572,56.3865,55.5416,3.14607,0.0502573,39.7678,17.314,3.95145,0.0095319,19.7553,47.7874,2.52292,0.00547799,18.8386,17.6501,3.63441,0.000793996,0
104.337,65.9743,0.732169,34.896,91.9175,2.84552,0.0163291,103.669,66.3776,4.12904,0.767791,105.555,21.6494,3.32695,0.0115192,89.0214,63.4304,3.94101,0.127996,58.0257,56.9697,2.9825,0.0577026,40.5068,19.9113,2.04398,0.0105299,24.1156,54.2781,3.43134,0.00813267,0,0,0,0,0
104.927,66.5151,0.740014,27.3449,92.1468,3.1284,0.0110486,104.327,67.1207,4.07975,0.702103,104.141,19.2124,2.96759,0.0109651,90.0056,64.0909,3.60925,0.194916,59.532,54.8574,3.17154,0.0518426,36.1841,23.6127,3.15663,0.00833562,28.022,50.4445,3.08421,0.0192583,10.5069,9.99523,1.78868,0.00153082,0
105.62,67.1395,0.726486,34.5043,96.1093,3.01901,0.0105298,104.835,67.4595,4.33569,0.677439,108.817,27.4549,3.62723,0.0103594,91.3907,64.8206,3.47076,0.225454,59.7058,56.1612,3.23372,0.0521298,39.0845,17.1672,2.93855,0.00793044,24.7279,55.4954,3.51676,0.0140893,7.44008,19.2918,2.33786,0.0020689,0
106.222,67.6679,0.708877,30.5658,97.2877,2.97037,0.014413,105.384,67.9622,3.95333,0.65948,113.709,26.0042,2.80135,0.013569,92.4617,65.1521,3.6017,0.230477,59.1335,55.239,3.14032,0.0622726,38.5334,23.9166,2.00395,0.0112314,33.1782,55.5306,3.15626,0.00681174,11.488,22.4983,3.75887,0.00174559,0
106.845,68.1738,0.659848,33.3468,96.315,3.11295,0.011485,105.639,68.4032,4.1364,0.644023,110.274,30.0611,3.24439,0.0150477,93.1564,66.327,3.58526,0.236229,60.0075,56.0036,2.90692,0.0670143,39.7445,19.0521,2.75247,0.00959108,34.2492,56.7261,3.07855,0.0155227,17.5771,22.9606,3.45672,0.00108741,0
107.485,68.6572,0.632924,31.9091,95.0459,2.93272,0.00921583,106.333,69.32,4.03499,0.648317,109.199,26.7803,2.01659,0.013278,94.1869,66.8637,3.84183,0.24241,63.2104,54.4608,3.15581,0.0525067,40.3145,27.5071,3.68159,0.0122293,32.2113,57.1314,3.13872,0.0194975,16.9223,19.3361,4.06671,0.00254552,0
108.027,69.0486,0.620245,33.1721,94.2753,3.37346,0.0176441,106.67,70.1129,3.9859,0.613098,111.346,25.0172,3.2587,0.0200703,94.4248,67.5095,3.6573,0.246868,60.5429,55.4041,2.87855,0.06823,44.5229,31.5845,4.36355,0.00919598,34.3435,54.4391,3.37868,0.02164,21.6132,14.5502,3.1687,0.00325277,0
108.68,69.5109,0.612652,36.6894,100.014,2.59677,0.0173076,107.571,70.391,3.99067,0.612447,110.365,21.8329,3.00971,0.0281168,95.1133,67.6244,3.25047,0.216424,61.6649,54.2838,3.05518,0.0754034,44.3354,32.6231,1.97083,0.0142856,30.3751,55.3391,2.93527,0.0254698,22.2187,14.8557,2.992,0.0105465,0
109.336,69.9691,0.611431,35.616,100.831,3.00615,0.0182434,107.948,71.2253,4.19126,0.672578,106.228,27.9479,3.20008,0.0119135,96.331,67.7452,3.57807,0.208898,65.589,53.019,3.31253,0.0533374,41.188,30.1003,3.49439,0.00655679,28.8719,56.6539,3.08127,0.024791,24.7248,15.5726,3.37161,0.00368263,0
109.988,70.4305,0.618618,41.6775,103.62,1.71325,0.0223213,109.305,71.3187,3.9429,0.60955,108.301,24.782,2.52714,0.018378,96.5182,68.2394,3.62865,0.216302,62.7522,56.6281,2.80851,0.0648723,43.0255,36.2925,3.19367,0.0218831,31.7847,55.5868,3.56635,0.0369645,28.0056,16.975,3.26,0.00972848,0
110.644,70.8849,0.592128,38.8853,97.1662,2.80728,0.0180107,109.88,72.2476,4.30865,0.613212,107.966,27.3434,3.26097,0.0241519,97.6502,69.0822,3.13033,0.21931,64.8178,55.1126,3.11789,0.0516237,42.3482,37.6542,3.3074,0.0275115,31.6292,57.0671,3.03555,0.0370506,29.4571,16.7716,3.58243,0.00913014,0
111.309,71.3284,0.58534,39.9742,96.8932,3.00458,0.0217837,110.996,72.8629,4.15192,0.621822,107.145,25.7815,3.92156,0.0187091,98.4237,70.0223,3.67145,0.209652,65.9978,56.5654,3.05815,0.0567876,47.4987,42.9413,3.27005,0.0320626,28.6556,58.8159,2.91494,0.02965,22.9348,18.9896,3.13896,0.00953293,0
111.977,71.7684,0.579607,30.1822,98.8632,2.73709,0.0236841,111.877,73.016,4.219,0.659613,110.639,29.4164,2.77164,0.0193878,98.8283,70.5075,3.71145,0.171624,68.0132,59.1839,2.71156,0.0390875,46.0887,42.7719,3.15095,0.0423057,28.2173,56.7335,3.12135,0.0305376,28.6512,20.2855,3.362,0.013761,0
112.644,72.2091,0.589358,33.3869,96.6837,3.06837,0.0261627,112.349,73.0309,4.12238,0.651696,111.811,29.8292,2.91671,0.0240159,99.3124,71.1862,3.64895,0.161633,69.2421,61.6747,2.59178,0.0409412,46.9709,41.8706,3.21598,0.0332458,27.5373,55.3206,2.90019,0.0499839,28.4911,20.4232,2.68862,0.0123213,0
113.304,72.6576,0.604949,33.3229,94.3233,3.20621,0.0247439,112.783,73.8926,4.20637,0.667179,108.504,29.9658,3.33612,0.0258972,99.8873,71.6987,3.70296,0.161707,71.0026,55.7382,3.36187,0.031135,47.9362,41.3857,3.32769,0.0301933,27.4852,58.7815,2.60509,0.0467893,30.8822,18.6017,4.06546,0.0123556,0
113.955,73.1183,0.626652,36.1907,98.9635,2.82741,0.0257324,113.705,74.1867,4.37041,0.679512,108.508,27.8354,3.31079,0.0262558,100.221,71.9813,3.8084,0.156162,70.2784,56.4831,3.12554,0.0372857,46.9573,42.9032,3.41614,0.0249465,29.1187,54.9542,3.16342,0.0365775,31.1282,15.316,3.05705,0.0135286,0
114.595,73.5932,0.660886,33.6926,94.8603,2.65266,0.0305323,114.184,74.516,4.05888,0.675651,110.002,30.7652,3.07352,0.0324973,100.011,71.9568,3.6505,0.162424,69.4253,55.0746,3.12202,0.0317701,49.1747,46.3695,3.93557,0.0200991,26.6763,54.9914,3.11119,0.0405173,40.5952,10.075,3.94722,0.00650874,0
115.29,74.194,0.791492,36.3385,94.6285,3.36342,0.02732,114.634,74.518,4.39704,0.711093,107.413,31.8027,3.49227,0.0290967,99.8898,73.1724,3.79025,0.125903,68.1711,59.1903,2.72782,0.032528,48.3005,42.0573,3.04276,0.0337072,26.1725,50.5966,3.55517,0.0309437,35.6741,13.9884,3.048,0.0094083,0
115.802,74.793,0.92377,33.33,92.8509,3.47367,0.0349768,115.119,75.2727,4.48598,0.711066,109.979,30.0645,3.5114,0.0419349,100.665,71.6987,4.08262,0.107372,67.0586,64.1922,2.82783,0.0330615,49.6768,43.6301,3.59756,0.0259332,25.0597,47.8992,3.70681,0.0403179,34.3065,12.0656,3.15271,0.00533735,0
116.242,75.4476,1.03553,32.8992,92.7639,3.80837,0.0355349,115.112,75.7828,4.83203,0.765941,108.213,35.3195,2.80676,0.0305717,103.167,71.2799,4.23837,0.0854006,67.0119,63.1834,3.34074,0.0268925,50.9845,43.7572,4.13705,0.0157272,27.0562,48.4011,3.56899,0.0339601,30.9879,19.9516,3.30968,0.0059719,0
116.552,76.0298,1.13094,33.0945,88.0072,3.70742,0.0345733,115.316,76.7536,4.75428,0.766021,109.983,32.3051,3.32866,0.0248096,104.568,70.5145,4.40731,0.082271,68.8639,63.1856,3.1949,0.0193913,48.675,48.3702,4.30745,0.0160698,24.4896,47.5297,4.08597,0.0432881,30.2889,23.3466,3.44705,0.0135762,0
116.846,76.762,1.24457,31.7694,87.549,3.71625,0.0372902,115.899,77.7246,4.93757,0.776771,109.935,31.1328,3.65159,0.0330181,106.185,70.4005,5.30359,0.0789523,72.8563,61.2589,4.06252,0.0186298,47.7788,49.8045,3.60018,0.0143313,24.6959,48.8769,4.04171,0.032381,34.4752,18.509,4.43963,0.00862598,0
117.058,77.5223,1.35604,30.0504,84.7239,3.89644,0.0334712,116.276,78.5103,5.04677,0.773962,108.862,33.0623,3.44958,0.0274633,108.673,70.1472,5.07499,0.0936923,72.9413,59.9833,3.48657,0.0136819,50.6293,46.0885,4.70655,0.00783947,24.9429,48.6524,4.54245,0.0368171,37.9171,20.8134,4.09468,0.0130723,0
117.173,78.1733,1.43738,27.5052,87.3485,3.84136,0.0365498,116.283,79.2238,5.31978,0.726959,110.147,31.1157,3.04436,0.0432623,110.258,70.9407,4.68716,0.124678,65.0031,67.29,3.41675,0.0120067,52.9059,51.1522,4.38172,0.0116116,24.9745,43.7024,4.1325,0.0384522,43.8342,19.5378,3.23718,0.0064803,0
117.24,78.9612,1.53081,29.9803,83.936,3.63031,0.0340476,116.151,80.5477,5.11394,0.68905,110.633,36.9556,2.80135,0.0280871,111.546,70.9973,4.85422,0.155621,72.1437,61.3904,4.38064,0.0131912,56.32,49.315,4.1859,0.017636,25.0524,41.548,4.48403,0.0497201,37.8695,16.4337,3.86662,0.0126469,0
117.239,79.7533,1.61213,31.0471,86.4105,3.39628,0.0385531,115.961,81.4386,5.38344,0.642059,112.842,32.5,3.21533,0.0368926,112.783,71.6017,4.88633,0.190498,74.531,64.8499,3.62738,0.0221513,52.839,52.2036,4.31618,0.00887159,25.745,42.2994,4.41746,0.0499021,37.2996,19.8601,4.08216,0.0110721,0
117.191,80.5485,1.6322,29.9954,82.2204,3.75779,0.0371958,115.828,82.2967,5.32496,0.678703,109.06,35.0371,3.7986,0.0330877,113.844,72.1813,4.95327,0.187261,81.3522,57.4921,3.85493,0.0129085,51.4237,55.6131,3.83568,0.0131587,26.7554,42.8425,4.54324,0.0317205,36.5277,18.9779,2.98857,0.00596544,0
117.174,81.3559,1.54062,31.7383,83.8476,3.76416,0.0402951,115.727,82.7418,5.48672,0.625224,109.641,33.7811,3.02746,0.0368934,114.185,72.9972,5.30817,0.206224,79.4947,61.0597,5.03078,0.0194534,49.2401,59.2842,3.69997,0.0186582,25.405,41.0384,4.1925,0.0398508,30.862,17.511,3.68038,0.0134014,0
117.265,82.2956,1.39593,28.3009,86.1592,3.39831,0.0475982,115.814,83.8555,5.01313,0.596355,108.558,34.1408,2.69225,0.0418542,114.685,73.8169,4.93707,0.217524,83.0212,60.4797,2.68983,0.0162563,50.8474,55.0231,2.88818,0.0153027,25.0697,44.3783,4.12249,0.0528984,35.2244,17.3171,3.46637,0.0122113,0
117.469,83.0823,1.23389,30.9199,88.5025,3.20335,0.0451105,116.18,84.4249,5.01048,0.593874,113.453,31.5236,2.86416,0.02048,114.974,74.4768,5.08404,0.242402,79.1165,65.0887,3.42454,0.0215909,49.7946,59.3767,2.42641,0.0147458,23.0128,39.7853,4.17856,0.0426927,40.1882,18.9825,2.8754,0.0191036,0
117.806,83.8234,1.04886,26.8098,84.9525,3.40331,0.0293008,116.475,84.586,4.94966,0.631248,113.43,29.8203,2.25575,0.0330499,114.988,75.2149,4.53017,0.218743,80.9925,64.2766,3.12314,0.0222765,44.9336,59.1127,3.73807,0.016919,24.7024,42.406,3.67032,0.0311087,40.4133,13.5529,2.74635,0.0173542,0
118.358,84.5949,0.831802,27.2551,83.938,3.06962,0.0584208,116.913,85.4486,4.56527,0.579907,107.969,32.5444,1.86608,0.0344287,114.916,75.5969,4.69605,0.234924,85.3052,59.693,3.20251,0.0319382,47.263,57.7566,1.67946,0.0219335,23.9567,38.428,3.747,0.0309903,37.8763,12.9097,2.96661,0.00745712,0
118.842,85.0692,0.716142,28.2603,84.3794,2.49955,0.0469291,117.353,85.9293,4.89738,0.58882,106.844,31.131,3.05445,0.0201589,115.522,76.7543,4.36445,0.255104,86.5741,58.3664,2.45325,0.0217294,51.3293,55.4739,2.43737,0.0238738,23.8658,37.2335,3.54814,0.0337421,42.8402,15.061,2.59128,0.00964222,0
119.489,85.5583,0.575791,31.238,84.7055,2.68838,0.0408663,118.364,86.2235,4.52385,0.556784,109.43,33.3922,2.42944,0.0296699,115.505,77.2366,4.39871,0.245889,84.466,58.7415,3.22122,0.0229881,50.8706,55.1575,3.20221,0.0308007,23.3503,37.7286,3.48786,0.0566028,41.6939,16.0773,2.1602,0.0163995,0
120.198,85.9522,0.43546,28.4395,84.0907,2.72409,0.0553124,118.732,86.6337,4.17607,0.571264,111.849,32.5181,2.57053,0.0302612,115.759,78.001,4.25821,0.224402,84.2827,62.0392,3.1569,0.0291779,51.1668,52.8126,3.45054,0.0266493,23.1593,37.2251,3.20996,0.0523684,47.7593,17.887,1.98805,0.0105648,0
120.956,86.2434,0.299206,25.7716,89.6217,3.07661,0.0389553,119.791,86.801,4.09415,0.632516,110.015,35.9798,1.86341,0.0297591,115.27,79.3905,4.12864,0.191462,83.7581,65.0899,2.50293,0.0412853,49.8858,58.565,2.54251,0.0188239,22.6045,35.4401,3.08397,0.0374041,45.4328,20.3152,3.55651,0.00979391,0
121.744,86.4319,0.168578,26.9855,85.9387,2.99992,0.0457338,120.8,87.0432,4.14161,0.588439,108.052,40.1498,1.76942,0.0470464,115.058,78.9746,3.99549,0.211838,83.7022,68.0972,3.03913,0.0295311,50.9608,60.1093,2.25741,0.0291328,22.2876,36.4547,2.67264,0.0366784,43.9041,14.202,2.61381,0.0115999,0
122.541,86.5376,0.10143,26.1326,84.1453,2.84681,0.0456265,121.87,87.2363,4.09993,0.581621,106.209,32.5202,2.96236,0.0382246,115.536,79.8871,4.009,0.20671,87.8961,68.9587,2.66608,0.0309586,51.3053,64.0952,2.39121,0.0368814,24.6015,39.9965,3.45521,0.0498935,39.8971,20.0484,3.1835,0.0100844,0
123.343,86.5999,0.0523349,27.2933,84.65,2.56224,0.0569727,122.783,86.7989,4.06163,0.600323,109.281,35.044,2.10714,0.0494419,115.881,80.0022,3.99708,0.174435,87.2217,68.6346,2.43678,0.0272591,53.0084,62.6556,2.56084,0.0410038,23.0041,37.2861,3.19559,0.0380851,43.1359,14.9041,2.7677,0.0124796,0
124.142,86.6414,0.057112,24.1703,81.4722,2.78652,0.0790282,123.769,86.9178,3.99811,0.590277,115.144,35.2936,1.91407,0.0468132,115.028,81.4611,3.95989,0.159473,88.7657,70.3528,2.49614,0.0337052,52.418,68.4224,2.24251,0.0288029,23.3985,36.622,3.34533,0.0524223,56.2491,19.8203,2.18253,0.00947823,0
124.939,86.6941,0.0852375,21.2863,82.1398,2.85123,0.0809236,125.197,86.72,4.0015,0.634206,109.753,37.2552,2.44155,0.0443307,115.151,82.8792,4.18444,0.117077,86.9383,72.4289,2.29728,0.0438126,53.1617,66.6938,2.99034,0.0299817,23.7388,34.1891,3.1639,0.0369332,65.043,19.3732,3.14442,0.0127353,0
125.728,86.7852,0.14568,23.2003,83.0565,2.70865,0.0638887,126.508,86.6859,4.11526,0.626878,113.163,34.167,3.12979,0.0439045,115.927,84.3279,4.14622,0.118857,86.9627,69.6365,2.97753,0.0282468,54.5596,66.0164,2.96522,0.0484088,21.3695,33.3442,3.4408,0.0575902,64.4041,21.9566,2.2271,0.0122259,0
126.506,86.9331,0.230753,17.9736,78.8146,2.97543,0.0567598,127.693,86.465,3.97457,0.697979,116.232,34.8072,3.07189,0.0396192,116.181,86.0723,4.27096,0.0964813,86.2241,70.362,3.5083,0.0318074,55.9896,66.8112,3.01902,0.0317536,19.7859,34.4492,3.633,0.0325774,70.5621,26.5027,3.60198,0.0130227,0
127.392,87.1893,0.334349,17.0794,78.4495,3.20567,0.0504858,128.104,86.6945,4.38264,0.698221,116.115,37.0572,3.05807,0.036351,118.388,86.7884,4.05321,0.0987656,90.3313,75.153,3.13053,0.0266652,51.6663,66.602,2.52578,0.0329502,20.9605,35.3464,3.42627,0.0388419,67.1977,20.4777,2.63735,0.0177195,0
128.127,87.4815,0.4279,19.2317,79.971,3.37312,0.0662646,128.783,86.8632,4.25401,0.596998,115.236,34.6407,2.6907,0.0431827,119.356,86.456,4.11651,0.15699,85.4504,78.7873,3.49703,0.0254435,53.2313,64.4541,2.96031,0.0406142,19.5364,34.5667,3.34442,0.0468223,69.2924,25.6449,3.88158,0.0236843,0
128.717,87.7793,0.507612,16.4409,78.5988,3.5051,0.0553857,129.296,87.1214,4.5012,0.580972,111.468,35.7821,3.16439,0.0520898,118.814,87.9665,3.87967,0.180621,86.839,79.3852,3.2694,0.03204,52.6296,65.7635,3.88654,0.0369793,19.1127,34.2266,3.94992,0.0419648,69.3941,28.9257,2.75956,0.0199469,0
129.314,88.1354,0.551837,13.7676,76.4204,3.77568,0.0533392,129.043,87.5014,4.45129,0.610663,116.998,35.5732,3.07916,0.0482979,119.533,86.5063,4.31715,0.151275,89.3469,76.9544,3.25311,0.0352685,52.2334,68.6674,2.88481,0.0342688,18.7689,29.754,3.84262,0.0427095,72.1443,36.8656,4.12732,0.0241781,0
129.621,88.3272,0.586384,12.4042,77.3682,3.72378,0.0600557,129.249,87.8606,4.12568,0.588729,115.15,38.1331,3.03782,0.0436005,119.604,86.6308,4.19323,0.164127,82.8115,79.026,3.57475,0.0273533,48.455,70.3214,2.83052,0.0430743,22.3545,26.4911,3.42729,0.0406059,69.656,38.9148,3.802,0.0324546,0
129.679,88.3687,0.660087,12.9012,75.9118,3.79,0.0665739,129.331,87.4569,4.35772,0.581727,114.623,38.4059,2.41913,0.0540065,119.922,86.0226,4.39647,0.171646,85.7502,83.3924,3.36592,0.0289198,49.242,76.317,2.73294,0.0250907,22.5151,26.5753,3.57636,0.0429296,70.1569,39.1606,4.81835,0.0291068,0
129.68,88.369,0.660782,12.1701,75.6492,3.9417,0.0783549,129.401,87.8302,4.48355,0.588073,116.02,35.7953,2.87379,0.0498547,120.817,85.798,3.89936,0.157456,88.047,86.423,3.29728,0.0250903,50.5763,83.512,2.24226,0.0314256,19.7272,28.5571,4.14938,0.0417838,69.0735,37.1895,4.04443,0.0279616,0
129.68,88.3693,0.661419,11.4379,75.5363,3.93917,0.0665326,129.75,87.9307,4.71476,0.592118,116.154,36.3521,2.92072,0.0604177,121.124,85.8921,4.36551,0.139738,91.0785,83.8686,3.71523,0.0330652,53.3174,80.8621,2.02614,0.0358164,21.1324,28.9523,3.14771,0.0378936,74.2754,34.4444,3.80819,0.0344189,0
129.68,88.3696,0.662022,11.0536,73.037,3.91991,0.0658381,129.886,88.0739,4.66305,0.561581,117.985,36.2141,2.49613,0.0523657,121.141,86.422,4.15643,0.150468,90.5168,79.8368,3.59748,0.0290394,52.438,85.9023,2.88082,0.0402541,21.5999,26.4917,3.49776,0.0609711,71.0704,37.4865,4.35021,0.0394827,0
129.681,88.3698,0.66261,10.3809,71.6965,3.92868,0.0790629,129.775,87.9692,4.82577,0.580746,115.133,36.9773,2.64801,0.0483312,121.945,85.6945,4.64417,0.147023,87.3457,80.7909,3.52453,0.0330263,54.2679,85.6453,2.7532,0.0248901,21.3556,26.7045,3.54294,0.0490194,71.7153,37.8764,3.46574,0.0379007,0
129.681,88.3701,0.663192,9.90491,73.4075,3.96357,0.0658272,129.863,88.0426,4.81754,0.58834,118.207,40.1274,3.13382,0.0414587,121.598,86.2304,4.24231,0.136842,91.0631,80.3997,4.3593,0.0389824,50.5847,82.6512,2.69188,0.032325,21.9308,27.2668,3.61449,0.0565661,70.9398,32.649,3.99591,0.0396579,0
129.681,88.3703,0.663677,10.5303,73.7005,3.88947,0.0888715,129.978,87.9785,4.60342,0.560039,120.75,37.2518,2.5877,0.0497726,121.805,86.0337,4.44962,0.127293,89.8187,80.9667,4.099,0.0379517,47.0537,88.0016,3.04121,0.0390534,20.9805,26.53,3.09516,0.0487232,73.1628,29.8241,4.45599,0.048296,0
129.681,88.3706,0.664353,10.4585,73.714,3.9299,0.0809003,130.065,88.0143,4.5961,0.593488,119.436,36.2225,2.42823,0.0430493,122.16,85.5929,4.56653,0.111603,85.9043,80.4177,3.89921,0.0331466,45.5149,91.5848,2.85019,0.0403383,22.134,26.295,3.29769,0.0532045,73.4664,32.9317,4.05301,0.0442698,0
129.682,88.3709,0.664933,9.66183,74.1164,4.00973,0.0757924,130.094,88.0593,4.76653,0.579398,119.727,38.6561,2.60748,0.0456034,121.853,85.5926,4.52594,0.120603,84.6647,77.8458,3.87232,0.0418503,45.7529,89.6001,3.04499,0.0303784,19.315,29.0788,3.27096,0.0527536,72.3798,34.1992,3.62221,0.0536206,0
129.682,88.3712,0.66561,10.6517,74.4573,3.8839,0.0716537,129.926,87.9831,4.89073,0.567754,125.777,36.7663,2.31251,0.051987,121.253,84.8259,4.58234,0.127182,84.42,79.8437,3.99694,0.0510926,45.9515,84.0873,3.17213,0.0286795,22.5674,25.1481,3.09978,0.0504867,72.7358,31.0986,3.45702,0.0511641,0
129.682,88.3715,0.666192,9.94019,73.9859,3.89607,0.0753568,129.925,87.9652,4.655,0.604987,120.847,37.9037,3.05925,0.039308,121.449,84.5491,4.50001,0.103664,85.3644,82.7187,3.98276,0.0510329,46.9164,83.0234,3.59248,0.0284347,23.1458,28.3239,3.2201,0.0477527,74.0333,32.5317,3.91751,0.0494645,0
129.683,88.3717,0.666776,10.1974,72.7354,3.9914,0.0806274,130.091,88.2509,4.59665,0.587892,119.845,38.8793,2.97648,0.0520021,120.17,85.9398,4.61393,0.091633,87.2093,86.7883,3.95145,0.0374082,43.9366,84.3057,3.24279,0.0332519,19.0429,28.5948,3.19705,0.0529844,72.6667,32.0031,3.18123,0.0642013,0
129.683,88.3719,0.667168,9.50741,74.7845,3.99363,0.0770086,129.896,87.9912,4.80593,0.591627,122.716,40.3137,2.53618,0.0495468,120.838,84.5528,3.7755,0.076293,83.5168,82.1886,3.85143,0.0454467,46.8286,85.5833,3.7446,0.0454489,19.2075,28.0477,3.64602,0.0552971,74.2665,29.7072,4.13514,0.0593323,0
129.683,88.3722,0.66785,10.3382,75.3814,4.05002,0.0779118,129.921,88.0964,4.75545,0.609275,121.401,38.6796,1.96494,0.0477275,120.858,86.2417,3.80426,0.0708061,79.816,83.2621,3.84731,0.0357614,40.6468,86.779,3.21626,0.0365794,20.6246,26.3084,3.4776,0.0630282,74.6514,29.2153,3.83782,0.0589108,0
129.683,88.3725,0.668437,9.82184,74.7061,3.94617,0.0738224,130.095,87.9991,4.77476,0.59966,122.843,38.3137,2.18743,0.0613154,121.21,86.3921,4.48802,0.0736883,82.275,78.8412,3.65777,0.0408303,43.5089,82.4969,3.24283,0.0369335,18.3507,30.7582,3.76597,0.0681388,73.9443,30.2317,3.06452,0.0456116,0
129.684,88.3728,0.669122,9.84232,74.4216,3.94869,0.0761275,130.058,87.9434,5.33259,0.610405,122.966,38.4095,2.16315,0.0432555,120.75,85.6799,4.06455,0.0823338,81.9565,81.9892,3.77632,0.0396657,43.0508,85.304,4.06262,0.0346922,16.3582,29.7298,4.00815,0.0628079,77.1202,32.6661,3.66223,0.0507124,0
129.684,88.3731,0.669711,10.8096,73.8502,3.86994,0.0595738,129.893,87.9101,4.70054,0.608084,121.965,39.6798,1.81387,0.0472224,118.889,86.9177,3.85291,0.0764746,81.8607,85.5339,3.60985,0.0462381,45.2521,89.2429,3.56313,0.0459884,19.038,29.5182,3.70651,0.0700905,77.0552,32.0707,3.64723,0.0463276,0
129.684,88.3733,0.670302,9.26876,73.4242,4.12804,0.0833331,129.799,87.7433,4.70173,0.626184,120.242,38.4928,2.23678,0.0516655,116.402,86.8689,3.86186,0.0472321,81.8374,80.5757,3.58911,0.0368421,47.6051,89.3002,3.62909,0.0530193,18.6204,25.3075,3.38987,0.0480158,76.2763,30.4887,3.79766,0.0537086,0
129.684,88.3736,0.670893,9.37843,74.5354,4.05523,0.0798875,129.797,88.0794,4.99162,0.678146,120.587,38.9504,2.10586,0.0496743,117.073,86.9585,3.96741,0.0336486,82.9208,81.2134,3.50589,0.0327276,45.4738,86.4258,3.6925,0.036149,18.1813,27.2006,3.88674,0.0494137,72.1559,31.6107,3.72993,0.0403533,0
129.685,88.3739,0.671486,10.8791,74.8236,4.07485,0.0706087,130.002,87.8344,4.95271,0.644331,122.069,40.2272,2.72218,0.0664899,117.862,87.1308,3.94968,0.0390797,83.2291,83.5106,3.77826,0.0284044,43.0389,93.0161,3.98898,0.0365615,17.2299,27.4392,4.15962,0.0542313,72.1735,32.1052,4.01374,0.0602933,0
129.685,88.374,0.671883,10.1075,72.0696,4.08222,0.0752941,129.862,87.6509,4.75905,0.655436,121.617,38.7361,1.98232,0.0592072,119.851,87.0306,4.56797,0.0427095,85.2705,82.8902,3.75428,0.0298818,42.2417,95.1561,3.82036,0.0306671,20.204,26.6578,3.66198,0.052306,73.3329,28.0235,3.92832,0.0544988,0
129.685,88.3744,0.672576,9.34025,73.7192,4.13617,0.0789862,130.105,87.8383,4.92092,0.652091,121.857,36.4831,2.32989,0.0464952,118.257,87.5391,3.80125,0.0412643,83.5136,83.8446,4.17564,0.0488998,43.0604,95.054,3.52238,0.044445,19.0532,28.9222,4.07123,0.0423781,72.7307,36.2739,3.32131,0.0454408,0
129.686,88.3746,0.673172,9.75805,72.6289,4.04419,0.0776696,130.033,87.932,4.9317,0.649086,122.98,39.717,1.92296,0.0549131,116.705,87.6334,3.935,0.0420269,82.6387,83.5991,3.60901,0.0325743,41.5951,93.4815,2.8622,0.0385028,21.5336,27.9182,4.0389,0.0510723,74.0682,35.4165,3.28773,0.0541553,0
129.686,88.3749,0.673769,10.6778,72.7581,4.07657,0.0794121,129.859,87.8085,5.02958,0.672582,121.192,36.7009,2.39346,0.0610948,115.308,89.4801,4.09125,0.026977,83.7296,78.0716,3.74192,0.031975,40.1631,97.7372,3.30857,0.0422923,17.6534,25.161,3.99031,0.0418709,70.92,37.2384,3.30192,0.0437955,0
129.686,88.3751,0.674268,9.90209,71.5511,4.02683,0.0754215,129.921,87.8662,5.07144,0.686529,119.629,35.8535,2.40572,0.0629385,112.728,90.3255,3.6722,0.0227104,82.8261,78.5276,3.43662,0.0357164,41.65,93.7155,4.2882,0.0402523,14.5212,26.4446,4.49504,0.034337,71.9109,33.7773,3.43814,0.0420951,0
129.686,88.3754,0.674866,10.2255,72.1929,4.14706,0.0811022,129.986,87.7061,4.96468,0.671098,123.366,37.5212,2.33988,0.0721118,108.378,94.3248,3.78701,0.0217709,83.9817,80.0183,3.82392,0.0305867,41.0511,98.5365,3.29868,0.0339543,15.5105,26.3358,4.47594,0.043885,71.9682,38.0565,3.41533,0.0454913,0
129.687,88.3757,0.675564,9.74587,72.6303,4.07061,0.0910205,129.792,87.5044,5.08777,0.629906,124.664,37.5822,2.2225,0.0741267,104.006,96.9354,3.83225,0.023845,81.2331,78.4802,3.94506,0.0357331,36.542,101.347,3.54427,0.0411325,19.7205,28.4065,3.73479,0.0446012,71.9261,31.7994,3.68453,0.0596352,0
129.687,88.376,0.676263,9.54691,72.6742,4.0465,0.0930908,129.737,87.8064,5.1156,0.668901,124.588,38.2337,2.6491,0.0622231,99.2273,97.9367,2.93264,0.0123237,81.8895,75.4596,3.43553,0.0380656,36.024,101.687,3.91404,0.0369603,14.8445,25.5672,4.04388,0.0388969,71.1407,30.5063,4.12509,0.0495389,0
129.687,88.3763,0.676865,9.53429,72.4525,4.06929,0.0966746,129.637,87.6284,4.67199,0.670338,123.048,34.5994,2.35624,0.0688933,93.6151,103.801,4.184,0.0151728,78.5703,75.5837,3.39376,0.0269451,36.7042,100.749,3.47532,0.0324125,15.3478,25.6663,4.09739,0.0508535,76.0547,31.4606,3.44023,0.0387098,0
129.688,88.3766,0.677469,10.1409,71.6875,3.99564,0.105303,129.627,87.5863,4.91555,0.667862,125.213,37.4818,2.34765,0.0651172,100.348,104.849,3.70676,0.0187455,75.7359,77.8886,3.28815,0.0321416,37.862,98.6157,3.44577,0.0273678,16.4194,26.0883,4.15412,0.0464429,75.6253,26.5304,3.92992,0.0370193,0
129.688,88.3768,0.677874,9.95507,70.9361,4.09918,0.118219,129.677,87.5663,4.70456,0.654651,125.46,38.7603,2.11505,0.0566348,103.351,98.8458,4.28524,0.0153334,72.3684,80.6613,4.12349,0.0479307,34.0038,106.334,2.9249,0.0314476,21.8024,26.138,3.78992,0.0332817,72.2184,33.4497,2.81791,0.0425025,0
129.688,88.377,0.678479,9.41769,71.4163,4.117,0.122056,129.861,87.611,4.78971,0.636739,126.662,39.8876,2.38111,0.0650016,101.449,90.4153,4.17322,0.0183417,68.2562,78.7527,3.40302,0.0376163,36.3371,107.378,3.31014,0.0277143,18.7182,28.3466,3.51475,0.048402,75.4312,35.6696,3.22004,0.0441291,0
129.688,88.3773,0.679086,9.63958,72.3019,4.02927,0.105091,129.745,87.6085,4.84501,0.639986,124.65,35.3212,2.03349,0.0660246,99.7517,90.4851,3.90782,0.0318136,64.5692,77.023,3.62009,0.0276098,33.5629,106.583,3.19355,0.0232217,15.8796,28.0771,4.16645,0.0493205,78.8823,28.7651,3.4061,0.0569322,0
129.689,88.3776,0.679794,9.93986,72.3697,4.04916,0.109255,129.643,87.4695,4.76651,0.649107,127.407,40.8963,1.604,0.0599793,97.8785,87.2445,4.20654,0.0362454,59.7821,75.9795,3.55735,0.0283235,39.0543,107.409,3.1271,0.0221997,13.5817,30.0612,4.42752,0.0523671,76.6286,32.7572,3.10542,0.0425226,0
129.689,88.3779,0.680402,9.28857,73.0978,4.06266,0.125133,130.018,87.7191,4.74593,0.632861,127.438,39.5202,1.47046,0.072568,96.3097,87.4018,4.08844,0.0329669,53.9601,74.3689,2.95306,0.0289687,38.8283,105.593,3.21735,0.0139894,15.8743,32.823,3.94756,0.0452162,74.1943,29.2643,2.92099,0.0482969,0
129.689,88.3782,0.681013,9.12889,73.3012,4.11154,0.110986,129.633,87.5989,4.92035,0.636064,126.69,41.4281,1.52418,0.0640729,94.1771,84.6999,4.01947,0.0300952,51.2012,69.6852,3.33516,0.0319205,34.4511,103.702,3.24578,0.0174079,16.2524,28.6699,3.79063,0.0446228,77.9218,32.7322,2.97768,0.0648312,0
129.69,88.3785,0.681726,9.88985,72.5175,4.05895,0.113137,129.811,87.822,4.87228,0.634308,129.392,42.3226,1.53148,0.0749867,91.5552,86.0206,4.02518,0.0320852,52.7809,63.6035,2.87968,0.0278936,36.3786,102.843,3.95243,0.0183702,17.6492,27.6788,3.7089,0.052789,79.8369,34.5847,3.44797,0.0464307,0
129.69,88.3787,0.682136,9.64046,72.8916,4.05594,0.103124,129.775,87.6077,4.86825,0.644395,127.792,39.7936,1.68139,0.0678181,93.0566,88.749,4.07511,0.034783,53.9695,64.1893,2.86022,0.0288757,38.632,103.758,3.05297,0.0230698,19.3448,27.0872,3.27849,0.0526102,85.7399,27.4893,3.73556,0.0453243,0
129.69,88.379,0.682848,9.951,71.7673,4.18485,0.121182,129.872,87.7733,4.79925,0.63457,129.285,41.8342,1.35214,0.0712199,91.3411,89.1939,4.17526,0.0371273,56.6411,62.7197,3.16504,0.0262958,34.8891,106.926,2.95214,0.0283563,18.5655,28.3309,4.00274,0.0483757,85.0712,27.2472,3.55352,0.0328731,0
129.69,88.3793,0.683459,9.49255,73.1313,4.162,0.132273,129.8,87.6371,4.65072,0.634391,128.628,40.9271,1.69775,0.067929,90.9874,92.993,4.0528,0.0278511,56.9745,59.2794,2.41309,0.0440279,35.3858,103.976,3.23402,0.016642,15.948,29.2257,3.76627,0.0447395,81.5162,28.5658,3.49355,0.0321462,0
129.691,88.3795,0.68407,9.36659,73.4754,4.11973,0.135463,129.599,87.4826,4.66814,0.60093,128.665,39.5356,1.62198,0.0828918,94.4157,88.7675,3.92531,0.0263499,58.7415,60.0234,3.61076,0.0380911,38.6966,99.9163,2.96975,0.0314488,15.752,30.2631,3.96972,0.0478101,81.1745,31.7106,3.57001,0.037015,0
129.691,88.3798,0.68468,9.85793,73.2244,4.03085,0.129569,129.912,87.789,4.68142,0.60237,128.306,40.606,1.45391,0.0816986,90.6793,87.5804,4.59427,0.0323867,58.1303,61.0099,3.20008,0.0355123,40.1911,100.778,3.29296,0.0328786,15.3347,29.9333,4.12018,0.0507087,82.559,27.9742,4.25397,0.0348759,0
129.691,88.3801,0.68529,9.54048,73.7913,4.07837,0.119351,129.6,87.4922,5.09798,0.640476,128.578,42.0985,1.42792,0.0635883,93.865,83.3729,3.50133,0.0256739,57.1731,58.8162,3.17325,0.0384141,38.3782,103.099,3.25736,0.0206409,16.5579,27.5205,3.92975,0.0521348,84.263,24.1294,3.02964,0.0397211,0
129.691,88.3804,0.685899,9.51484,73.172,4.11827,0.124558,129.751,87.4778,4.88606,0.616098,126.994,41.4586,1.59463,0.074295,92.5546,87.931,3.80909,0.0310751,56.3878,59.7738,3.92174,0.0406313,37.606,100.573,3.44633,0.0253768,15.5482,33.5512,4.03395,0.0476359,84.1518,21.0295,3.55293,0.0403292,0
129.692,88.3806,0.686408,9.56396,72.593,4.04798,0.11749,129.773,87.5495,4.86996,0.591043,127.815,40.692,1.79365,0.0813244,91.7195,83.9466,3.45211,0.0413489,60.3881,56.0601,3.59313,0.0468026,43.2923,101.091,3.34358,0.0420904,16.4727,31.1018,3.79387,0.0413724,82.5537,19.1919,3.06323,0.0385278,0
129.692,88.3809,0.687016,10.0046,73.8555,4.10365,0.130722,129.731,87.5729,5.04757,0.62807,126.205,42.1504,1.7993,0.0807683,93.2734,81.6934,3.45173,0.0244415,59.4084,55.6549,3.99267,0.0292893,41.7423,103.042,3.28041,0.0215678,16.8417,29.7467,3.52388,0.042972,81.9467,23.7095,2.70655,0.0421698,0
129.692,88.3811,0.687624,9.65268,73.4596,4.09482,0.126078,129.747,87.6594,4.83935,0.637415,127.808,41.2417,1.51323,0.062413,91.8271,81.4837,3.38868,0.0314336,59.0669,54.1171,3.69231,0.0350167,27.8257,104.256,3.78178,0.0317212,15.7193,34.5792,3.97731,0.0348269,84.8182,23.5122,3.43636,0.0410961,0
129.693,88.3814,0.688232,9.71955,73.6183,4.04829,0.140536,129.626,87.8975,4.81627,0.603527,128.137,40.8544,1.81327,0.0743519,91.5166,89.4366,3.68977,0.0321833,57.6391,59.602,3.42165,0.0517547,29.1112,101.828,3.73514,0.0254236,12.728,36.4277,4.4674,0.0415801,89.9377,21.9383,2.4412,0.0306433,0
129.693,88.3817,0.688939,9.59983,72.851,4.0526,0.147267,129.848,87.547,4.94495,0.607531,126.382,43.6407,1.76895,0.0658237,93.0679,92.1962,3.05323,0.0367994,57.0144,61.431,3.38447,0.0361412,41.34,101.05,3.06853,0.0309723,18.9636,33.1781,3.84853,0.0327344,88.16,27.1265,3.8658,0.042731,0
129.693,88.382,0.689545,9.5216,73.2781,4.11016,0.161778,129.578,87.5669,4.97066,0.587593,128.102,43.479,1.64058,0.086212,94.7856,96.339,3.76177,0.0260163,59.0121,60.103,3.56165,0.033254,37.3585,100.323,3.44724,0.0234963,19.6054,29.5558,3.8525,0.0371316,87.8835,26.9045,2.98451,0.0445182,0
129.693,88.3823,0.690251,9.69676,71.6478,4.14319,0.134985,129.652,87.6108,4.60052,0.598447,129.058,42.1712,1.3393,0.0894758,94.0405,94.2439,3.16781,0.0218249,61.54,59.1388,3.77762,0.046175,32.5694,103.018,2.55336,0.0263128,17.3654,32.2741,3.9348,0.0379551,89.803,26.3601,3.17277,0.0448248,0
129.694,88.3826,0.690856,9.21632,72.9903,4.09538,0.162747,129.646,87.5301,4.87835,0.573694,127.971,43.53,1.52748,0.0558668,96.9736,87.1818,3.40758,0.0278695,57.871,64.9714,3.8174,0.0441436,31.5863,99.5891,3.38756,0.0228113,18.8655,31.7529,3.54444,0.055905,88.1563,27.3541,4.20431,0.0569629,0
129.694,88.3828,0.691461,9.84838,73.842,4.09454,0.136599,129.693,87.5319,4.62793,0.569975,127.888,44.8202,1.50627,0.0770709,97.1454,88.8602,3.03993,0.0244295,57.7156,64.002,3.23245,0.0605401,38.4804,98.7396,2.5857,0.0208839,18.8129,28.1907,3.72888,0.0564759,86.3659,31.432,4.43131,0.0540263,0
129.694,88.3831,0.692065,9.4508,72.7973,4.09434,0.154395,129.711,87.6229,4.31181,0.605738,127.637,42.1735,1.55374,0.06721,94.3843,91.3853,3.7089,0.0309414,54.846,63.4406,3.66673,0.0403099,41.7968,99.244,2.30631,0.0203566,20.1628,26.4238,3.87562,0.041795,85.2867,28.6046,3.95761,0.0392544,0
129.695,88.3834,0.692668,9.72004,73.3281,4.08435,0.163657,130.124,87.9259,4.46079,0.570512,129.234,44.0601,1.28359,0.0798371,95.7312,95.1656,3.46696,0.037007,54.7219,60.948,3.95778,0.0447569,33.1467,98.3656,3.42053,0.0179777,22.1266,26.5936,3.71202,0.0336461,81.9788,27.5415,3.49694,0.052606,0
129.695,88.3835,0.693072,9.36436,72.3153,4.06714,0.166284,129.864,87.5183,4.67431,0.574175,127.153,43.2113,1.29236,0.0855564,93.8329,94.3445,3.97923,0.0214172,54.2081,58.9142,3.44177,0.0424207,28.6523,107.486,3.27305,0.0138938,18.6379,28.9938,3.60617,0.0471981,80.3653,32.5157,3.42753,0.049054,0
129.695,88.3839,0.693774,9.86242,72.5764,4.0144,0.162313,129.715,87.3562,4.67916,0.585327,128.129,39.9277,1.74753,0.0742373,96.0863,92.591,3.51538,0.0213498,51.6858,60.105,2.80913,0.037568,33.4029,106.942,2.90367,0.0176613,17.3833,29.8217,3.87647,0.0444034,82.6161,32.9535,3.62209,0.05714,0
129.695,88.3841,0.694375,10.1687,72.7423,4.10527,0.1662,129.588,87.3865,4.78428,0.577511,129.125,40.1716,1.32679,0.0711107,93.6846,94.0388,3.63406,0.0285354,54.9335,66.0062,3.32109,0.0365542,35.3117,103.64,2.61055,0.0167814,16.7392,31.4017,4.35872,0.0417177,83.6957,32.678,3.7229,0.0615892,0
129.696,88.3844,0.695075,9.38105,73.3227,4.00894,0.157556,129.698,87.5122,4.76777,0.591001,128.302,40.8126,1.48351,0.067285,95.5475,94.3598,3.74187,0.0269606,53.7524,66.1342,3.05302,0.028544,33.4217,104.092,2.7911,0.0223062,16.1783,32.5418,4.18245,0.0479934,84.9551,32.8008,3.66026,0.0583537,0
129.696,88.3847,0.695675,9.86616,72.1359,4.00581,0.140623,129.539,87.5506,4.66925,0.608677,129.551,41.5468,1.29204,0.078521,92.35,100.399,3.85949,0.0232052,55.3032,60.4663,3.96504,0.0212409,32.9325,108.474,3.45497,0.0229781,14.8935,29.2602,3.62725,0.0504171,82.7893,32.589,3.6456,0.0543369,0
129.696,88.3849,0.696175,9.4135,72.5671,4.02644,0.163864,129.488,87.5839,4.79471,0.585808,128.344,41.6653,1.59146,0.0632888,95.8054,99.6285,3.46242,0.0267178,58.3927,64.7882,3.39424,0.0400591,34.3021,107.417,3.1599,0.0259602,14.4093,33.5041,3.97881,0.050548,84.5747,30.6239,3.56494,0.0437539,0
129.696,88.3852,0.696773,9.10112,73.1199,4.06548,0.137264,129.645,87.7244,4.52538,0.620422,128.987,43.2556,1.44936,0.0853028,98.4222,101.05,4.35832,0.0165236,58.2703,60.2254,3.45832,0.0315523,32.0306,107.427,3.25804,0.0220615,16.4646,32.3798,4.1171,0.0429895,83.4312,32.0419,3.93348,0.0438838,0
129.697,88.3854,0.697369,10.2367,73.534,3.97591,0.139177,129.545,87.5778,4.69994,0.615377,128.031,40.4667,1.86926,0.0647567,99.3757,98.8436,3.38172,0.0298381,57.4227,62.3078,3.3681,0.0370535,29.9075,103.522,3.3695,0.0150327,16.7591,30.1807,4.03893,0.0510018,80.6037,26.4314,3.03169,0.0477637,0
129.697,88.3857,0.697964,9.31074,72.6252,4.05528,0.146478,129.532,87.5645,4.51607,0.614135,127.76,41.0691,1.4713,0.0616428,94.7966,89.3755,3.46264,0.0231192,55.8683,60.758,3.61195,0.029382,35.488,104.004,2.64349,0.0238841,15.1941,33.7266,4.16585,0.0583181,81.8244,27.3491,3.29149,0.0430408,0
129.697,88.386,0.698558,9.53453,72.8043,4.02403,0.144342,129.637,87.5018,4.74285,0.585834,128.197,39.4214,1.7165,0.077829,96.0476,88.6352,3.96962,0.0254463,54.0069,65.0625,3.61953,0.0387272,31.8783,105.104,3.60528,0.0175751,13.8881,33.3569,4.4705,0.0605541,80.5122,29.2159,3.36233,0.0496924,0
129.697,88.3863,0.699248,9.75441,72.6282,3.96251,0.169285,129.606,87.5282,4.7224,0.586352,128.863,43.6348,1.28501,0.0796082,93.8511,93.6358,3.65528,0.0279516,55.831,59.7943,3.93887,0.0266522,31.6042,105.592,3.36059,0.0180203,15.1842,32.5777,4.27431,0.042886,80.874,29.9106,3.7241,0.0492449,0
129.698,88.3865,0.699742,9.91873,72.8944,3.99509,0.145975,129.692,87.567,4.64001,0.595869,129.092,42.6946,1.35067,0.079944,94.8549,93.3316,3.76129,0.0345472,55.1295,61.9295,3.67075,0.0347474,28.1067,107.411,3.42237,0.0109356,16.2234,30.0674,4.49091,0.0593321,83.428,29.4141,3.79164,0.0386492,0
129.698,88.3867,0.700331,10.132,72.95,4.00679,0.141493,129.528,87.6669,4.70492,0.610122,129.538,41.0329,1.33502,0.067565,94.8722,93.4502,3.47734,0.0385818,57.9783,64.56,3.67223,0.0496507,36.2908,105.939,3.36887,0.0172854,18.202,29.3956,4.19072,0.0433167,86.2516,32.3485,3.71884,0.0319857,0
129.698,88.387,0.70092,9.49836,71.5561,4.07278,0.161524,129.546,87.5597,4.43866,0.591674,128.723,42.9958,1.33537,0.0590687,96.9213,99.1468,3.61732,0.0319086,51.4927,63.3587,3.41491,0.0482958,30.7626,107.202,3.46228,0.0173092,16.5514,32.0426,3.79672,0.0521663,89.4872,24.4642,3.60447,0.0380539,0
129.698,88.3873,0.701507,9.8201,72.1608,4.03697,0.137235,129.683,87.6186,4.48374,0.625373,128.606,44.3056,1.21244,0.0781313,93.7174,92.9236,3.63172,0.0364114,59.4423,60.0242,3.96605,0.0434444,30.577,110.076,3.15855,0.0157984,19.0592,30.4252,4.13412,0.0339636,89.8442,30.8672,3.50601,0.0296436,0
129.699,88.3875,0.701996,9.44552,71.1934,4.03976,0.172698,129.913,87.7724,4.57419,0.58874,129.256,44.5676,1.07943,0.0635851,96.7238,92.657,3.39661,0.0314456,56.0605,61.3239,4.36919,0.0385159,36.3456,110.289,3.23655,0.0169986,19.0127,31.8091,3.6914,0.0509804,88.2246,34.1033,3.78966,0.0370374,0
129.699,88.3878,0.702677,9.78456,71.9235,4.12007,0.147162,129.732,87.8973,4.66495,0.58759,128.507,44.4805,1.25533,0.0846973,96.0556,91.6463,3.63416,0.0236005,54.5915,61.1609,3.32966,0.0491245,37.398,109.964,3.06103,0.0193696,16.2479,30.5727,4.28088,0.0539054,84.1241,31.6906,3.22153,0.0345512,0
129.699,88.3881,0.703356,9.85771,72.6782,4.05712,0.155154,129.542,87.7514,4.69555,0.58164,128.095,44.4908,1.02723,0.0716865,89.6252,91.7139,3.69263,0.0241267,54.0644,61.8659,4.26771,0.0478203,35.5924,107.086,3.08851,0.0269236,16.8147,32.2404,4.2596,0.0524517,82.2547,34.3496,2.36258,0.0401968,0
129.7,88.3883,0.703841,9.53553,71.9023,3.98345,0.157059,129.421,87.5491,4.54572,0.57679,127.565,43.4104,1.30113,0.0842395,90.0597,87.5225,3.25364,0.031228,52.8571,61.8314,4.03394,0.0530132,32.1397,105.778,3.20772,0.0229794,16.6786,31.4527,4.24892,0.0447613,87.0525,34.6048,2.7948,0.0299291,0
129.7,88.3885,0.704421,9.39961,71.7078,3.99363,0.159703,129.628,87.7562,4.55152,0.592894,129.282,43.8231,1.25288,0.0736355,90.6759,90.4145,3.20697,0.0242728,50.713,61.3232,4.30624,0.0412724,32.2896,109.24,3.16779,0.0274518,16.9442,28.7022,4.42318,0.0472498,89.4964,34.589,2.86337,0.0335202,0
129.7,88.3888,0.705094,9.46418,72.1226,4.02405,0.186345,129.366,87.359,4.67204,0.571471,129.109,42.8548,1.16448,0.0651154,90.0783,90.9016,3.49598,0.030303,52.5235,58.4708,3.33173,0.0404387,35.7306,109.806,3.52451,0.0219729,19.9249,29.2525,4.42931,0.039284,88.724,34.0253,3.39041,0.04507,0
129.7,88.3891,0.705671,9.32189,73.142,4.06147,0.190022,129.522,87.6483,4.84411,0.581073,129.604,44.797,0.896957,0.0604052,92.5159,95.1539,3.90236,0.0411088,50.3263,56.4754,3.41034,0.0390429,36.209,106.885,3.58197,0.0184177,18.8126,30.8742,4.08887,0.0383347,87.1549,32.7273,4.37875,0.0315961,0
129.7,88.3893,0.706056,9.38133,72.529,4.02275,0.193961,129.571,87.489,4.63101,0.546609,129.598,44.3772,1.1372,0.106161,95.6861,96.5233,3.33801,0.025248,51.1797,51.8385,2.75799,0.0359418,32.4211,105.683,3.46502,0.0169129,15.7403,31.1728,4.3972,0.039241,90.2929,32.4879,4.10622,0.0359259,0
129.701,88.3895,0.706629,9.01821,72.1753,4.05858,0.180208,129.498,87.4517,4.43498,0.55191,128.988,42.3214,1.16239,0.0713814,94.7115,86.9377,3.77004,0.0301193,51.4601,56.573,3.60204,0.0431351,37.8532,104.539,2.96807,0.0298797,18.0053,29.1396,4.48019,0.0483445,89.8984,28.5819,3.46084,0.045022,0
129.701,88.3898,0.707295,9.32316,72.0806,3.97835,0.180959,129.608,87.5709,4.64993,0.569284,129.733,44.4363,1.19496,0.0780143,98.598,91.5585,3.5419,0.0268573,53.0015,57.5082,3.63434,0.0382969,36.9503,106.859,3.08404,0.0329027,19.4296,22.8533,4.32001,0.0387599,83.8984,28.786,3.24643,0.0349262,0
129.701,88.39,0.707865,9.71546,71.4662,4.05976,0.180447,129.689,87.6971,4.60174,0.562589,129.3,44.6897,1.17063,0.0729535,99.5914,99.2701,3.20201,0.026521,54.3042,58.7868,3.59037,0.0418725,37.9754,107.142,2.99771,0.0208134,19.8581,24.0323,4.03661,0.0537282,83.0037,25.0729,3.20057,0.0410752,0
129.702,88.3903,0.708433,9.91699,71.7084,4.00417,0.175037,129.632,87.3604,4.56481,0.583182,129.342,44.4397,1.28336,0.0755124,97.6356,100.092,4.11024,0.0131794,51.4712,58.577,4.01922,0.0373955,36.0891,104.869,2.863,0.0269403,19.6462,26.1196,4.12442,0.0450792,86.983,26.7369,3.03977,0.0436737,0
129.702,88.3905,0.708999,9.56492,72.2172,4.02409,0.184701,129.53,87.3614,4.71575,0.584419,128.784,42.971,1.04447,0.0815893,93.9339,93.008,3.54357,0.021359,54.6497,58.2467,3.3895,0.046377,33.2575,103.471,2.9899,0.0147494,20.1758,26.5394,4.26974,0.0357528,91.5014,28.8549,3.2651,0.0310525,0
129.702,88.3908,0.709564,9.17916,71.0539,4.07698,0.187888,129.636,87.6776,4.46748,0.563687,129.685,44.0834,1.06951,0.0972836,92.7393,95.3966,4.08889,0.0267657,53.7934,56.1058,3.9721,0.037681,33.7205,106.444,3.1272,0.0266699,15.7257,32.1262,4.76823,0.0317587,87.4202,26.7411,3.29986,0.0282656,0
129.702,88.391,0.710034,9.5753,71.8951,3.98101,0.191112,129.588,87.4034,4.78083,0.577288,128.925,42.7017,1.02858,0.0850642,94.3387,91.8966,3.37292,0.0241725,54.6646,53.5711,3.86151,0.0346729,28.44,108.217,3.29737,0.0200448,14.035,30.856,4.4188,0.0386971,86.9732,27.9389,3.48394,0.0289483,0
129.702,88.3912,0.710595,9.07419,71.9556,3.99345,0.196724,129.648,87.6968,4.60677,0.574279,129.081,41.8888,1.12538,0.0871702,96.0528,90.6405,3.00381,0.0207259,56.2911,58.9763,3.3422,0.031251,26.4073,107.238,3.05461,0.024521,16.1821,30.2673,4.63073,0.0372695,85.4406,33.6611,2.34442,0.0280594,0
129.703,88.3915,0.711246,9.46913,72.509,4.02845,0.175995,129.579,87.5937,4.51927,0.539681,129.36,44.7267,1.03657,0.121883,99.3398,91.3346,3.12969,0.0265873,52.4949,57.8316,3.34174,0.0372307,24.5028,106.843,3.4355,0.0271419,18.5278,30.9139,4.56612,0.0380324,86.1965,30.9131,3.11721,0.0334499,0
129.703,88.3918,0.711803,9.33449,72.052,4.04336,0.196034,129.556,87.6142,4.74937,0.563606,128.659,42.2056,1.19504,0.0892887,94.7655,89.4245,3.8425,0.0293632,52.0767,65.8112,3.32483,0.0348804,27.7119,107.963,3.26551,0.0126069,17.1297,30.909,4.19814,0.047516,85.9705,28.0099,3.20057,0.026705,0
129.703,88.392,0.712358,9.29113,72.2528,3.98025,0.189227,129.658,87.7291,4.47777,0.55372,129.145,40.7251,1.26918,0.0959792,94.7679,81.616,3.36557,0.0248708,53.0415,65.4298,3.69014,0.0412535,24.2215,110.356,3.38091,0.020268,16.5801,37.0041,4.89505,0.0442184,82.6867,28.7289,3.7315,0.0304635,0
129.703,88.3922,0.712911,9.60011,72.4906,3.93631,0.204345,129.605,87.7397,4.70417,0.538312,128.691,44.0478,1.14144,0.0973914,91.5708,84.552,3.49432,0.0225634,50.6153,61.1442,3.39068,0.0439492,21.3446,110.529,3.64825,0.0214042,15.1608,33.8272,4.67106,0.0402456,79.657,25.4119,3.24475,0.031789,0
129.704,88.3925,0.713462,9.0965,72.5137,3.99243,0.213966,129.738,87.8553,4.45179,0.534423,128.541,42.6805,1.19217,0.0940565,86.9891,95.0259,3.54471,0.0202862,53.3987,60.4648,2.83904,0.0437005,24.7843,109.108,3.50363,0.0259689,15.8988,33.2582,4.19014,0.0348774,80.3087,24.4806,2.10816,0.0327215,0
129.704,88.3927,0.713921,9.42633,73.156,4.01382,0.233872,129.486,87.545,4.74548,0.501237,127.564,43.1265,1.31956,0.0883524,92.3664,93.3706,3.76083,0.0326837,53.4223,59.7128,3.66189,0.0490688,25.6446,108.761,3.40643,0.0286582,17.8099,32.0304,4.24261,0.0341326,81.841,23.3398,2.75036,0.0319952,0
129.704,88.3929,0.714469,9.35425,72.6277,3.97328,0.216979,129.728,87.5708,4.61892,0.515398,128.278,42.8302,1.26263,0.107862,90.1852,97.2493,3.38671,0.0308483,54.7773,62.8744,2.81981,0.0408354,26.0932,111.951,3.60858,0.0209932,17.3954,34.025,4.16252,0.0309387,79.22,23.1285,2.95906,0.0361447,0
129.704,88.3932,0.715105,9.53086,72.6608,3.99629,0.203283,129.476,87.2889,4.82601,0.552091,128.521,42.3966,1.17862,0.0997542,95.5336,99.2108,3.16831,0.0247977,53.6299,58.8233,3.88416,0.0467284,20.6549,110.489,3.48057,0.0274504,14.0478,34.4011,4.76906,0.0197391,85.6882,25.5076,3.67916,0.0261564,0
129.705,88.3934,0.715648,9.38992,72.6915,3.96777,0.218608,129.582,87.3558,4.58114,0.508085,129.011,42.9674,1.19035,0.111426,96.386,97.121,3.77116,0.0292837,56.1496,59.5819,3.0938,0.0492227,17.626,109.4,3.4597,0.0232525,17.0334,33.0419,4.48026,0.0233197,81.0445,26.3247,3.37039,0.0368015,0
129.705,88.3936,0.71619,9.71183,72.7165,3.99009,0.221203,129.363,87.2777,4.77898,0.495753,128.041,42.6965,1.22746,0.108454,93.7067,94.1582,3.23898,0.0289853,56.7015,59.014,2.80276,0.0475339,18.4933,110.927,3.6824,0.0272122,16.7356,36.1397,5.0974,0.0318232,82.6042,31.4554,3.22993,0.0390366,0
129.705,88.3939,0.71673,10.4003,72.4557,3.8971,0.245337,129.623,87.9626,4.49613,0.502518,128.441,42.0886,1.25019,0.115607,94.7409,90.8851,3.21365,0.0196986,54.1785,58.3366,3.44381,0.0428953,25.2058,110.276,3.22964,0.0199903,20.5802,31.3173,4.62682,0.0239848,80.8076,28.7775,3.3626,0.0299685,0
129.705,88.3941,0.717267,9.27623,72.0396,4.01473,0.248419,129.599,87.6912,4.35804,0.492819,128.776,42.8784,1.1505,0.108,93.8045,96.3947,3.40111,0.0171248,55.3466,59.4397,3.80067,0.0453245,21.8567,109.606,3.42218,0.023264,16.9311,35.9685,4.77076,0.0228148,78.1958,30.8195,2.83994,0.0422346,0
129.705,88.3943,0.717803,9.64279,72.5863,3.95985,0.238207,129.61,87.7134,4.7096,0.476369,128.699,42.8889,1.20672,0.126184,92.6701,91.739,3.02928,0.029075,53.9134,57.6865,3.94749,0.0500708,21.8752,108.108,3.35022,0.022089,17.9144,37.2469,4.56427,0.0211313,77.5294,32.8432,2.72388,0.0368743,0
129.706,88.3946,0.718337,10.1414,72.7471,3.93538,0.236454,129.421,87.7828,4.55047,0.490658,129.039,41.5353,1.31253,0.123193,92.7354,94.9871,2.8757,0.0153277,54.1885,58.8322,4.04376,0.0409075,27.9901,111.626,3.52032,0.0198285,19.4857,36.5996,4.80042,0.0273169,80.5327,30.9382,2.77804,0.0463137,0
129.706,88.3948,0.718868,9.30493,72.3426,3.99235,0.250799,129.549,87.8473,4.83803,0.476369,129.056,41.8222,1.27037,0.122857,92.7335,93.2657,2.94,0.021778,56.4333,58.6045,3.56374,0.0511456,21.7483,107.236,3.44659,0.0221825,21.8552,29.4621,4.14962,0.0252959,83.7387,35.5019,2.98445,0.0295724,0
129.706,88.395,0.719397,9.60949,72.2085,3.98623,0.256686,129.561,88.0667,4.75034,0.48338,129.044,43.0113,1.27383,0.123259,90.6472,89.6401,3.25439,0.0182737,56.8221,58.433,3.95758,0.040919,23.4765,106.694,3.63576,0.0178662,26.1634,24.8116,3.71575,0.020878,83.6266,33.0324,2.6693,0.0387384,0
129.706,88.3953,0.720011,9.72424,72.5495,3.99134,0.26705,129.623,87.9377,4.86377,0.487822,128.95,43.8885,1.05177,0.115831,86.6423,90.3193,2.99123,0.0217049,57.3817,56.7663,3.82858,0.0333525,23.1546,109.509,3.8399,0.0242817,22.7194,25.376,3.50939,0.0146334,86.1562,32.9624,3.52512,0.035324,0
129.707,88.3955,0.72045,9.67501,72.182,3.9903,0.25986,129.367,87.8652,4.65692,0.474668,129.03,44.1622,1.07821,0.140086,87.4285,91.6469,3.43462,0.0234793,55.806,57.8701,4.12251,0.0362323,26.5488,105.557,3.72662,0.0152076,24.2342,29.3726,3.91991,0.0245017,90.452,28.366,3.4733,0.0259643,0
129.707,88.3957,0.720887,9.63094,72.4963,3.99303,0.260598,129.475,87.654,4.7177,0.485324,129.887,43.5383,1.21749,0.108564,89.3931,84.8747,3.39548,0.023181,58.0483,56.155,3.85299,0.0557576,21.4905,109.16,3.63712,0.0206858,25.3984,29.1689,3.28943,0.0148218,87.4091,31.7207,3.51472,0.0310691,0
129.707,88.3959,0.721408,9.68351,72.288,3.97568,0.270353,129.721,87.8212,5.02948,0.489323,129.499,44.5742,1.18657,0.0992355,84.8022,90.8468,3.62559,0.0221632,58.4747,59.0363,3.50789,0.0446842,18.7423,111.106,3.72094,0.0291248,21.8852,28.9683,4.07209,0.0201093,84.6755,29.7618,2.75854,0.0250063,0
129.707,88.3961,0.721927,9.69686,72.3491,3.99076,0.255933,129.496,87.8617,5.18802,0.44959,129.999,45.2802,1.09984,0.137207,88.3785,86.3807,3.10377,0.0248079,58.6728,56.4639,4.26739,0.044123,22.7048,108.074,3.53488,0.0175972,24.2457,28.5502,3.79436,0.0217122,87.3596,31.6286,3.32835,0.0490302,0
129.707,88.3964,0.72253,9.53429,72.7334,4.013,0.294471,129.529,87.4634,5.04896,0.457043,129.876,43.7098,1.2866,0.124488,86.8128,83.2844,2.67909,0.0198186,54.3264,60.0285,3.58766,0.0405052,20.0931,109.641,3.59864,0.0216308,25.1471,24.7772,3.31953,0.0137256,83.4027,33.2753,3.93912,0.0283188,0
129.708,88.3966,0.72296,9.45243,72.3981,4.01208,0.279636,129.578,88.0444,4.89941,0.445489,129.321,44.0099,1.14612,0.126437,89.9961,91.3128,3.19012,0.0228504,52.588,58.2184,4.0213,0.0411536,20.4012,107.739,3.72217,0.0227026,31.5419,25.0147,3.09079,0.0169288,85.5332,33.7071,3.08132,0.0448028,0
129.708,88.3968,0.723473,9.51394,72.3657,3.98011,0.285979,129.322,87.3526,4.65945,0.456938,130.384,44.0851,1.18627,0.117224,89.8704,91.8135,3.2939,0.0204828,55.2344,60.2687,4.07212,0.0411592,18.8101,110.646,3.57041,0.0182383,28.8503,19.8751,3.54138,0.0232182,80.3691,36.3757,2.84888,0.0367607,0
