130,90.0003,0.000332637,15.6276,21.649,4.20397,0.0689479,24.6608,93.1674,2.86803,0.116397,35.8799,42.055,3.32057,0.186889,21.0664,111.485,2.71491,0.032764,114.662,76.9969,2.8065,0.227673,64.8881,83.3636,2.73233,0.123012,59.4793,115.954,1.80374,0.00312529,94.3948,27.4007,3.5927,0.241192,0
130,90.0004,0.0003977,20.024,21.3028,3.55713,0.108924,24.3126,83.543,2.98619,0.0967904,38.8233,43.9985,2.72137,0.163889,27.6849,110.943,2.63079,0.0622806,114.066,82.9075,2.68218,0.205726,70.7833,77.8484,3.03258,0.100271,64.081,110.964,2.17207,0.0433246,98.9626,27.0676,3.31355,0.218796,0
129.81,90.0003,0.000364274,23.8043,17.4222,3.70509,0.100442,26.4738,77.5006,3.39147,0.107679,42.1522,41.9604,3.34855,0.160288,27.2564,109.39,2.52992,0.0733485,115.024,83.4979,2.5775,0.163474,69.7881,71.8284,3.05148,0.157659,70.3601,108.113,2.2217,0.0444181,101.274,30.0804,3.67764,0.192692,0
129.444,90.0008,-0.00995455,26.251,16.3474,3.7629,0.0926685,24.8019,71.9779,3.26714,0.12498,42.0301,41.7622,3.14583,0.124325,27.8319,107.606,2.44385,0.0743061,116.263,86.2153,2.42507,0.174086,69.5284,67.5656,2.97447,0.166136,76.6303,108.011,2.39638,0.0435801,102.252,31.3366,3.57137,0.199919,0
128.893,90.0401,-0.142566,30.8571,15.1182,3.70175,0.0931504,20.7115,67.9422,3.43484,0.107461,43.9474,40.3903,2.97196,0.114559,28.8689,103.749,2.47332,0.0863228,114.97,87.6944,2.29002,0.150745,70.4543,65.7951,2.76136,0.189947,80.8134,106.093,2.78866,0.0464797,106.295,32.7748,3.45726,0.211335,0
128.287,90.1908,-0.325389,33.1177,13.6718,3.38729,0.101276,20.7544,65.3129,3.0977,0.102434,45.2606,41.8443,2.45921,0.107993,29.903,103.619,2.54132,0.113404,115.104,85.629,2.34304,0.151377,72.9863,64.6064,3.009,0.200448,85.0698,101.499,3.12279,0.0429653,102.463,31.3296,3.429,0.180103,0
127.673,90.4758,-0.559092,25.4376,14.8709,2.94795,0.119856,21.001,63.6811,2.89178,0.0874192,44.2862,45.0335,2.91568,0.122869,30.2631,103.228,2.1845,0.123292,116.751,84.0178,1.7351,0.112955,72.6377,63.6705,2.92343,0.176867,85.8855,103.891,2.07878,0.0502993,102.776,30.5582,3.19437,0.206442,0
127.342,90.7419,-0.832629,30.403,14.5229,2.9008,0.0898028,22.9973,63.2872,2.46643,0.0940681,43.4811,46.742,2.48006,0.103435,31.4945,102.398,1.8724,0.125359,114.403,82.3309,2.13132,0.126785,72.547,64.098,2.40136,0.213168,86.3258,104.827,1.8445,0.0472765,103.917,33.6126,2.93138,0.200106,0
127.291,90.8043,-1.09234,29.1317,15.5408,2.6743,0.111636,22.9877,62.7922,2.34884,0.0832466,45.0856,46.4483,2.21579,0.0911979,32.0467,101.958,1.96485,0.10785,114.11,82.5052,1.1928,0.141455,73.3752,64.3645,2.22641,0.218365,94.5865,105.958,2.03641,0.041178,103.459,32.7406,3.06362,0.205072,0
127.341,90.6181,-1.44642,29.0832,15.7402,2.28666,0.0979021,22.6007,64.0468,1.7861,0.0958293,45.0415,48.4271,1.99217,0.101185,35.0981,103.077,1.33997,0.136093,112.187,77.5027,1.08732,0.124731,73.3758,63.3532,1.98079,0.203768,97.5952,105.804,1.02777,0.0688015,104.334,31.1282,2.3925,0.17169,0
127.343,90.3144,-1.68324,31.4624,15.534,2.48202,0.0931702,25.2098,66.823,1.23481,0.0783571,46.1955,51.341,1.38958,0.116196,32.2222,104.298,1.19147,0.122461,114.422,76.1216,0.954523,0.11896,74.4534,62.9409,1.72885,0.208269,104.562,108.001,0.675265,0.0592028,103.249,31.2242,2.3529,0.203383,0
127.222,89.804,-1.91202,30.7321,15.8601,2.1986,0.100814,21.4986,64.6867,1.34602,0.079801,47.2198,52.7951,1.2246,0.110545,37.5917,103.56,1.38666,0.0984798,113.808,71.2011,0.910914,0.129745,74.996,63.6743,1.60518,0.234985,102.844,107.075,0.97163,0.081394,104.007,28.9961,2.10583,0.164235,0
126.94,89.2144,-2.09718,26.7267,18.8479,1.70361,0.10361,19.6035,65.2145,1.3961,0.0893834,47.0917,53.3664,1.29147,0.111082,33.9573,104.89,0.818589,0.0743583,117.233,69.852,0.673024,0.162165,77.7869,63.5644,1.30466,0.24621,103.413,106.456,0.719988,0.0703989,102.619,27.997,2.0221,0.142792,0
126.551,88.5965,-2.1418,29.8949,17.8651,1.71464,0.0916786,16.0405,67.4686,1.42252,0.0722255,49.1618,56.5808,1.47342,0.148008,36.8245,101.26,0.900511,0.0780851,117.219,68.9824,0.833918,0.111653,78.1556,62.9549,1.55925,0.259274,102.477,107.269,1.02727,0.071868,101.694,28.83,2.07133,0.167207,0
126.207,88.0354,-2.10566,28.2339,18.4939,1.63793,0.121888,15.648,66.3816,1.46844,0.0763316,49.9474,58.2344,1.1425,0.150753,37.1065,104.093,0.959303,0.0799894,118.165,67.5517,1.03182,0.133143,79.3979,64.2516,1.46391,0.222571,105.726,105.86,1.17106,0.0674656,103.686,27.7262,1.67656,0.147858,0
125.811,87.3432,-2.07888,28.006,19.508,1.93412,0.116202,14.52,66.5289,1.77537,0.0785366,50.8686,55.8351,1.93221,0.135057,36.5341,104.999,1.13892,0.0931033,120.329,62.0834,1.43013,0.16188,80.2678,63.7665,1.59853,0.196633,104.106,107.552,0.960612,0.071628,101.872,25.9882,1.91497,0.14696,0
125.359,86.5287,-2.07587,27.1954,20.0879,1.93634,0.094057,16.2555,66.9065,1.85015,0.0855752,50.9728,56.0643,1.63448,0.137241,37.5655,105.976,1.27934,0.0612496,120.013,62.3233,1.27406,0.148227,82.0119,64.853,1.49042,0.259499,107.495,105.714,1.22692,0.0874497,103.201,23.5981,1.91486,0.126702,0
124.908,85.7138,-2.08229,32.0397,19.1357,1.77697,0.107788,15.0222,67.6121,1.78119,0.0924911,51.49,53.8138,1.884,0.135773,35.0932,105.936,1.16004,0.076749,121.018,65.4481,0.859457,0.150549,81.7202,66.4912,1.43924,0.240126,110.02,105.334,0.960403,0.0833613,100.215,25.2806,1.91595,0.113163,0
124.575,85.1332,-2.09921,31.5997,18.549,1.72853,0.112377,14.8604,68.9466,1.78552,0.0960473,51.1339,51.9535,2.16661,0.134267,35.4065,106.063,1.48245,0.0699831,122.728,60.308,1.42426,0.141071,82.619,66.9026,1.47481,0.221283,109.206,105.499,0.918526,0.0915877,100.127,26.5831,2.01876,0.133384,0
124.154,84.4478,-2.15501,26.906,21.3293,1.90149,0.102355,14.5617,69.8579,1.64811,0.102414,51.9534,52.9067,2.00972,0.135031,32.937,110.256,0.996097,0.102654,123.721,61.6076,0.772033,0.145488,83.5914,69.3984,1.22993,0.212559,107.857,107.219,0.575911,0.0693761,98.7218,27.5522,2.19031,0.130123,0
123.595,83.6908,-2.26945,26.4132,18.9572,1.82416,0.110547,15.3686,69.8954,1.61793,0.113192,53.8963,51.9454,2.18489,0.16743,30.0588,110.604,0.945055,0.0695094,123.629,57.8534,1.1611,0.141448,82.0976,72.5372,0.64489,0.181371,109.204,108.228,1.05764,0.0778294,98.123,28.4256,2.1066,0.138672,0
123.037,83.1047,-2.39805,27.1993,20.5599,1.79983,0.102181,16.9754,70.7966,1.41186,0.0928315,53.2259,49.4957,2.05491,0.163332,33.2711,111.84,0.721513,0.0747688,123.021,57.3337,1.28852,0.129442,84.4791,74.5697,0.531517,0.181518,106.017,107.182,0.750306,0.0741986,97.1058,26.3767,1.76895,0.181729,0
122.516,82.6729,-2.51116,26.7068,22.7561,1.19722,0.0885714,19.8174,73.878,1.27893,0.0976837,53.8807,49.4779,1.74224,0.155031,36.3034,113.23,0.634753,0.084553,123.767,55.8763,1.24176,0.154256,82.0997,75.0759,0.427713,0.183087,106.08,107.862,0.938317,0.0616192,97.2888,26.7782,1.82821,0.175197,0
121.711,82.1783,-2.67279,25.8145,23.4339,0.99873,0.11295,23.1494,75.5252,1.0155,0.114425,55.0613,50.0547,1.98129,0.130938,34.5559,114.166,0.671303,0.0779111,121.953,60.1571,0.717784,0.130517,84.4113,75.1746,0.249521,0.207845,106.141,108.954,0.910373,0.0715929,96.8606,26.6224,1.84787,0.153821,0
120.967,81.9541,-2.79485,25.4701,26.9281,0.869273,0.101117,23.6095,74.9943,0.702103,0.112768,56.9308,48.2108,1.97204,0.158223,36.7361,115.325,0.260928,0.0787751,119.99,62.0058,0.785263,0.126354,84.7453,75.3839,0.217597,0.206766,107.827,110.368,0.651776,0.0688477,97.6036,27.9311,1.60835,0.147149,0
120.302,81.9458,-2.87955,28.2178,29.4264,1.51369,0.104758,26.5892,75.7337,0.84101,0.105183,58.3745,46.5955,2.32718,0.160227,32.9434,114.533,0.223529,0.0760915,117.842,67.1076,0.155338,0.132417,86.3641,75.1609,0.103586,0.233844,104.976,113.053,0.214397,0.0520382,100.773,29.0613,1.34055,0.13544,0
119.496,81.8509,-2.98869,29.5381,34.185,1.00267,0.138872,27.6383,75.3947,1.05557,0.11768,61.3516,47.5229,2.32203,0.139959,35.2701,114.027,0.384325,0.0645386,115.8,71.0587,0.0458955,0.127587,86.2345,73.8166,0.249667,0.19416,106.122,112.995,0.460583,0.0446253,105.085,30.1886,1.49753,0.172579,0
118.698,81.7548,-3.04325,30.1761,36.7039,1.10029,0.149399,28.4301,75.8838,0.837258,0.118901,63.3406,49.3682,2.24688,0.147858,37.4108,113.732,0.524656,0.0534915,113.632,75.802,-0.328524,0.142618,82.6835,73.2323,0.216895,0.156448,104.615,111.813,0.930335,0.0497201,106.075,33.4664,1.19791,0.181565,0
117.902,81.6804,-3.04108,28.2453,37.1326,1.03974,0.16141,27.8839,75.1799,0.82593,0.131627,63.337,50.2492,2.26599,0.1112,37.6253,113.495,0.367346,0.0467923,111.567,76.0852,-0.744709,0.168823,84.2258,72.1662,0.407646,0.143868,106.067,110.82,1.44982,0.03871,107.727,33.5256,1.10266,0.197569,0
116.981,81.5718,-2.99686,30.4578,36.4395,1.65155,0.163021,28.2397,76.3149,1.1316,0.138681,63.5357,52.5771,2.15247,0.156344,36.1168,109.549,1.52897,0.0434166,110.896,76.2329,-0.403528,0.185265,82.3852,70.8536,0.424859,0.130184,105.85,109.65,2.29441,0.0299059,108.994,35.1448,1.82874,0.153182,0
116.327,81.4588,-2.94283,29.1908,38.0965,1.12337,0.176635,27.3385,76.357,1.00264,0.156586,62.0937,54.7486,2.12061,0.102828,33.4672,109.326,1.42792,0.0347478,110.51,74.7279,0.135109,0.21136,84.5592,68.6837,0.500991,0.126305,103.088,107.714,1.60108,0.0193168,110.384,37.503,1.44981,0.17222,0
115.557,81.2721,-2.86154,29.4342,36.7557,1.62748,0.194716,27.5589,77.6265,1.24138,0.168482,60.8196,53.5047,2.18806,0.107171,33.8989,108.81,2.14725,0.0178659,109.912,75.3084,0.00998318,0.219284,85.0378,67.2395,0.630824,0.123954,106.897,106.849,2.19619,0.0234286,109.997,35.0688,1.52393,0.145098,0
114.806,81.0215,-2.77558,30.0955,37.4458,1.63515,0.177023,26.8724,77.7461,1.17276,0.154379,60.4532,56.4518,1.99499,0.117444,35.2975,107.875,2.15103,0.0294399,110.883,74.9478,0.175458,0.232398,85.7697,65.8292,0.872363,0.116891,106.694,105.44,2.86286,0.0286172,111.151,35.4855,1.12905,0.143808,0
114.08,80.7067,-2.68851,28.6427,40.6545,1.48695,0.186063,27.0795,78.3941,1.33518,0.171135,59.052,57.2572,2.10561,0.116371,39.9267,104.016,3.10842,0.0244052,109.877,75.3416,-0.221285,0.247317,86.7769,63.8942,1.46122,0.101087,105.393,104.485,3.35374,0.0211303,111.489,36.4017,1.42077,0.132491,0
113.384,80.329,-2.59979,29.5693,40.781,1.93638,0.195514,27.0235,79.0178,1.19648,0.157479,58.0899,57.4921,2.18476,0.109709,37.0418,106.621,3.09923,0.0260113,111.006,75.8767,0.149225,0.251297,87.1585,63.4072,1.44006,0.103757,104.104,102.471,1.98678,0.0227123,110.753,35.6675,1.8152,0.133521,0
112.834,79.9664,-2.50991,28.5277,41.9852,1.78168,0.208975,26.9658,79.3775,1.29555,0.191699,57.2963,58.2873,2.71194,0.0917396,37.8289,104.385,3.21796,0.0142293,111.732,75.2966,-0.0917259,0.223255,86.6196,63.9962,1.64262,0.109421,105.846,104.766,2.25027,0.0176634,111.675,35.5257,1.8195,0.143017,0
112.132,79.3744,-2.36789,28.6182,40.3534,1.60121,0.19625,27.6496,79.5303,1.41002,0.186507,56.9845,58.9411,2.44208,0.0786748,38.2169,102.012,3.79356,0.0137572,110.927,74.2337,0.0844723,0.229561,86.9555,63.2825,2.02449,0.0956497,105.973,104.572,3.569,0.0254922,111.258,36.1532,1.60039,0.174107,0
111.592,78.796,-2.27715,29.0787,40.9897,1.98671,0.211256,28.1165,79.2392,1.73217,0.197534,56.6487,58.5473,3.03119,0.0779563,36.1187,105.786,3.48753,0.0100505,111.179,74.8238,0.377838,0.241111,87.228,62.1599,1.92937,0.0722251,109.122,105.296,3.24169,0.0167194,111.515,36.438,1.69038,0.173147,0
111.105,78.1714,-2.19603,28.6773,40.8869,1.65284,0.221845,28.1478,80.9388,1.5629,0.186494,56.6703,59.8414,3.01566,0.0728562,33.61,106.709,3.64743,0.0112942,110.817,75.0811,0.354456,0.238261,83.6395,61.7773,2.41959,0.0578574,105.605,106.339,3.5977,0.0164286,111.536,36.6486,2.13517,0.194964,0
110.658,77.5149,-2.14072,29.3184,42.6428,1.58295,0.254591,28.9186,81.3435,1.60741,0.198887,53.9865,59.7144,2.60987,0.0592387,32.6325,105.683,3.75271,0.0173606,111.008,74.9084,-0.00242821,0.210915,85.5962,61.585,2.25543,0.0659359,104.026,105.118,3.8458,0.0138283,110.65,36.5614,2.07415,0.179243,0
110.307,76.9495,-2.11622,29.7709,43.1861,1.56378,0.25527,29.35,82.0377,1.65047,0.213493,52.4349,59.3131,2.36468,0.0430736,34.5136,104.759,3.23036,0.00882437,111.626,75.2698,-0.188262,0.212555,84.2162,60.5541,2.35922,0.065718,105.223,103.651,3.6517,0.0249562,110.478,35.4031,2.17611,0.17611,0
109.901,76.2623,-2.09511,29.2779,42.3643,1.78089,0.272113,29.0838,82.8927,1.87794,0.210826,53.1261,60.1247,2.80035,0.036474,33.5536,105.908,3.18555,0.0150105,111.578,74.7214,-0.0267599,0.203036,86.43,61.7257,1.92745,0.0507223,101.862,101.783,3.77502,0.017426,110.72,35.0883,1.55433,0.194392,0
109.501,75.57,-2.09513,29.9316,44.1148,1.53394,0.272821,29.5182,83.6053,1.78599,0.230838,52.4642,58.7085,2.63552,0.0360981,34.3382,107.274,3.0581,0.00858322,111.086,74.2921,-0.174827,0.182037,86.6995,59.9431,2.94823,0.0435061,102.972,100.635,3.24138,0.0142919,109.596,34.5359,1.73725,0.211825,0
109.1,74.8782,-2.09927,29.8582,44.3357,1.59163,0.26626,30.1642,84.3139,1.74175,0.226204,51.5834,60.4177,3.28506,0.0476661,36.4767,105.987,2.56345,0.0099551,110.732,73.339,0.176984,0.195988,86.6957,60.8246,2.82814,0.0342111,109.666,99.3715,3.87461,0.0121171,109.62,33.6938,2.06416,0.207598,0
108.689,74.1901,-2.11926,30.5525,44.8106,1.48696,0.251621,29.5885,84.652,1.52861,0.230713,49.5756,58.1306,3.0448,0.0290501,38.774,100.957,1.9441,0.00840478,109.154,73.2977,-0.585311,0.226677,85.9176,60.2492,2.86143,0.0213174,110.322,101.461,2.57605,0.0220531,109.274,33.6165,1.52924,0.210163,0
108.263,73.5107,-2.14581,30.932,44.8405,1.36776,0.271962,30.7875,85.6783,1.45197,0.200753,49.0851,58.8233,2.39057,0.0435995,40.8813,96.4075,1.96037,0.0239824,108.24,72.6699,-0.554589,0.21117,83.397,59.0113,2.86598,0.0225846,107.289,101.03,3.62513,0.0215855,108.763,32.8534,1.52715,0.204363,0
107.817,72.8438,-2.17603,31.4047,44.5202,1.39182,0.263499,30.2818,85.2804,1.42729,0.222069,46.1135,60.3229,2.1436,0.0267378,39.4247,93.3151,1.13183,0.0380617,108.414,72.0649,-0.266548,0.222778,82.1358,57.3311,2.58646,0.0287056,107.923,96.7945,2.59333,0.0155675,108.16,33.3025,1.81514,0.182582,0
107.35,72.192,-2.20998,31.4869,45.1279,1.2536,0.239495,29.9062,85.4773,1.31119,0.177406,43.4542,59.65,1.87239,0.0446555,36.9171,93.4199,1.17417,0.055875,107.326,71.1864,-0.206265,0.217302,77.9241,58.2019,2.53552,0.0339693,113.693,92.4794,2.18106,0.02154,107.229,31.7764,1.15268,0.209757,0
106.86,71.5563,-2.24432,31.4193,44.7443,1.16873,0.257452,29.8195,84.66,1.38883,0.137803,41.0664,58.3966,1.72972,0.045212,36.5226,92.9118,1.15167,0.0966506,106.105,70.0858,-0.308438,0.198454,79.6019,57.8997,3.37799,0.0362209,115.24,90.2849,1.60798,0.0301896,107.409,31.4049,1.34732,0.198018,0
106.263,70.8365,-2.28209,31.5937,44.6219,1.25697,0.23133,29.6148,85.4725,1.28524,0.109322,39.5597,57.6427,1.47197,0.0660362,35.9162,93.3264,1.21814,0.0919209,105.331,69.6445,-0.83185,0.213449,81.6927,57.4813,2.17354,0.0286311,116.565,87.8687,2.09273,0.0328794,106.095,30.6854,1.16119,0.226431,0
105.729,70.2368,-2.31385,31.6982,44.8698,1.17541,0.218099,29.873,85.6373,1.39175,0.109663,39.7123,56.0597,1.36477,0.0927953,36.1985,92.2788,1.18625,0.113906,104.23,69.1806,-1.25791,0.221086,81.2367,60.8962,1.17177,0.0351248,115.627,90.1647,2.01655,0.0314796,105.446,29.4233,1.08844,0.177846,0
105.179,69.6536,-2.34088,31.901,44.402,1.22486,0.181332,29.6176,84.9625,1.44552,0.111047,40.0779,53.5827,1.21486,0.109407,36.0259,91.6838,1.07339,0.129144,104.194,69.3298,-1.15769,0.210316,77.6652,61.0405,1.78824,0.036749,113.027,87.7771,2.51739,0.0248629,105.212,30.1319,1.15999,0.197142,0
104.613,69.0859,-2.36646,30.3646,44.9986,1.3805,0.124189,29.9524,84.7345,1.67936,0.0694862,39.6029,53.0247,1.05764,0.141368,36.044,92.4882,1.03135,0.158942,102.963,68.8121,-1.16119,0.247388,77.943,63.2967,1.53188,0.0308058,112.858,90.2882,1.6943,0.0394055,105.781,29.3156,1.73634,0.188415,0
104.035,68.5306,-2.38607,31.0153,42.9432,1.26518,0.134804,30.3631,84.3363,1.36279,0.0778824,39.6078,52.4768,0.763904,0.180029,36.4202,92.4644,0.884628,0.155171,103.467,67.5845,-0.921793,0.207709,82.2718,64.9172,0.932914,0.0264104,111.137,91.4422,2.11698,0.026437,104.793,28.985,1.35715,0.191557,0
103.448,67.9855,-2.39915,30.8034,41.1873,1.53624,0.0905492,28.9908,84.0974,1.45396,0.0629724,39.3039,52.9758,0.73861,0.21009,36.6224,92.9738,0.9658,0.150845,103.401,67.7261,-1.28616,0.213177,85.3924,62.4378,-0.505612,0.0351486,111.452,94.3845,3.1262,0.0183401,104.331,28.6715,1.50447,0.218878,0
102.855,67.4473,-2.40865,29.8524,41.0878,1.45476,0.0745295,29.0436,84.659,1.94063,0.0403285,38.624,53.1252,0.818728,0.213914,37.0338,92.731,1.04288,0.185446,103.479,67.1518,-1.42563,0.252062,87.0011,61.1802,-0.056843,0.0371414,108.911,95.4838,3.38159,0.0185423,103.487,27.1364,1.71952,0.178036,0
102.26,66.9136,-2.41339,31.6032,38.2075,1.61473,0.052133,28.6442,82.8502,2.11938,0.0452655,39.7119,53.676,0.79955,0.219063,37.5179,93.2576,1.03844,0.217014,104.078,67.906,-0.755147,0.186072,88.5212,62.9385,-0.430543,0.0594884,110.768,95.1809,1.92371,0.0184052,103.923,27.3279,2.00337,0.202559,0
101.563,66.295,-2.4163,30.2769,36.7224,1.57326,0.0452025,28.6579,82.8984,1.97781,0.0354973,40.0247,53.9191,0.797916,0.25208,38.0928,93.3849,0.863662,0.174892,103.608,67.3683,-0.766524,0.181874,89.9175,64.3843,-0.578537,0.0906798,109.314,95.7153,3.12349,0.0155384,103.138,26.1418,1.85905,0.204236,0
101.162,65.9392,-2.41546,29.8457,35.8204,1.84096,0.0368162,28.8797,83.7933,1.8271,0.0395661,40.2572,53.8459,0.809317,0.29524,37.5291,93.5078,0.898325,0.150001,103.196,67.299,-1.07329,0.19473,90.3672,64.3061,-0.810964,0.106329,111.252,92.5656,2.71547,0.0148479,103.111,26.3787,2.04238,0.16247,0
100.564,65.408,-2.41421,32.1611,33.4169,2.31112,0.0251294,30.4896,84.0761,1.76279,0.0272151,40.6061,54.5056,0.949553,0.284759,37.659,94.4157,1.08216,0.167808,102.881,66.0307,-1.08581,0.186235,89.877,63.1615,-0.956889,0.10954,110.681,90.1139,3.7642,0.0212351,102.976,26.4069,2.2401,0.178079,0
99.9688,64.8752,-2.40905,28.2805,31.6621,2.97415,0.0172693,28.9335,84.1971,1.92966,0.041903,41.0957,54.2012,0.899716,0.267083,38.8457,94.2934,1.1622,0.188019,102.241,65.396,-1.05532,0.19021,88.7046,62.7306,-0.426493,0.10185,108.318,93.7386,3.21075,0.0218346,103.471,26.2683,2.73705,0.17183,0
99.3762,64.3389,-2.40247,28.3759,33.5327,2.05996,0.029593,30.4551,85.4643,1.61292,0.0267559,41.0155,54.64,0.931338,0.295103,38.3994,94.7663,0.869396,0.180447,102.301,64.931,-1.10055,0.177169,88.3881,61.8087,-0.373454,0.0970705,111.582,92.2024,2.80022,0.021275,103.258,26.4544,1.97057,0.172587,0
98.6907,63.7088,-2.39385,28.6229,31.7435,2.81957,0.0220593,31.025,87.4408,1.44849,0.04929,42.0722,55.4398,0.918601,0.2928,38.5676,95.3146,1.03774,0.171559,101.883,64.8996,-0.846553,0.183346,87.9577,62.1413,-0.281602,0.11089,102.325,101.102,2.76713,0.0129557,102.308,24.7936,2.14306,0.1571,0
98.2024,63.2531,-2.38744,29.2888,32.1637,2.55602,0.0254206,30.1986,86.9046,1.646,0.0452832,43.4677,56.1529,0.834625,0.312984,39.2373,96.0828,0.876693,0.139026,102.087,64.7943,-0.601299,0.196449,87.8527,61.0735,-0.351459,0.121607,104.489,96.1433,2.52341,0.00983708,101.815,25.4382,1.85083,0.149392,0
97.6225,62.7039,-2.37947,32.9595,31.3948,1.46017,0.0203332,30.6566,84.4131,1.66313,0.0427219,42.9503,56.3292,0.8042,0.342553,40.0393,96.0412,0.954584,0.116996,101.792,63.7494,-1.11446,0.191258,88.274,61.0215,-0.927884,0.126817,109.533,98.0174,2.80727,0.0183335,102.047,24.8125,2.23749,0.140988,0
96.9518,62.0583,-2.37091,30.8053,31.5719,2.69789,0.0254066,29.3633,84.6518,1.8303,0.0231505,43.9556,56.5442,0.880755,0.363391,38.5648,95.7024,1.01252,0.121903,100.872,64.1258,-0.898117,0.216125,86.2592,60.9793,-0.469976,0.10608,110.142,96.8533,2.96553,0.0178459,103.289,24.9897,2.73618,0.126097,0
96.3802,61.4998,-2.36456,29.6352,32.5698,2.65776,0.0205656,28.4229,83.9406,1.91724,0.0165078,43.9081,57.1247,0.912915,0.356046,40.0215,96.5255,0.999679,0.107807,99.8563,63.0021,-0.886055,0.219709,86.4126,61.0978,-0.598321,0.119965,105.439,98.3487,3.01561,0.0197947,102.316,24.4914,2.48498,0.139605,0
95.8118,60.9375,-2.35841,30.3419,34.6582,2.34231,0.0276121,27.1779,86.4369,2.07887,0.0197012,44.5467,57.6896,0.881778,0.39998,39.2866,96.3216,1.00428,0.0963139,100.528,63.1429,-0.597667,0.192699,84.6031,60.1427,-0.685358,0.111226,106.651,98.2314,3.19966,0.0265247,102.259,23.9159,2.41136,0.125943,0
95.2465,60.3717,-2.35353,32.3582,32.0268,2.14032,0.0275011,27.7778,85.4431,2.0538,0.0165019,44.6774,58.0556,0.894508,0.371001,39.8842,97.2702,1.12504,0.0950814,99.699,62.4556,-0.741103,0.220539,85.0345,59.423,-0.815221,0.127471,107.39,95.0597,3.23828,0.0329766,101.212,22.4063,1.8644,0.108929,0
94.5885,59.711,-2.36521,32.1675,33.7552,3.56629,0.0205364,26.856,86.8794,1.73196,0.0186388,45.4414,58.2836,0.856565,0.382165,40.2006,97.8805,1.02175,0.0815119,100.117,61.9348,-1.00647,0.250715,85.0292,58.6979,-0.344125,0.107322,106.994,95.811,3.21405,0.0261942,101.011,21.8193,2.54205,0.112917,0
94.1036,59.2488,-2.39571,29.4262,31.786,2.96286,0.0412956,27.0788,84.8297,2.47383,0.0254787,45.4002,59.0364,0.910788,0.365535,40.1644,97.8519,1.18839,0.0853027,99.5023,61.3115,-0.665579,0.243558,85.7948,58.726,-0.985345,0.130965,106.724,96.2581,2.77787,0.0245315,101.698,21.7149,2.42684,0.0833342,0
93.4976,58.7193,-2.45834,30.5059,33.4483,2.58375,0.0253894,24.4892,77.9084,2.38487,0.0121899,47.1507,59.6248,0.66232,0.44468,40.8795,98.4089,0.89501,0.0714347,99.5705,61.5456,-0.436497,0.188158,86.827,58.3483,-1.14989,0.169731,110.019,95.5796,2.21635,0.0208518,101.316,22.6909,2.52377,0.0675647,0
92.8503,58.2365,-2.54695,31.6712,31.1359,2.31765,0.0240648,23.1749,79.2492,3.23393,0.0159846,47.3171,59.8345,0.622415,0.408308,39.5309,98.8879,0.915133,0.0636188,98.675,60.9859,-1.01455,0.184551,85.9418,57.8149,-1.01526,0.215919,107.538,92.7202,2.87284,0.0212485,99.9119,21.491,2.43744,0.0663049,0
92.1591,57.8169,-2.6478,32.5202,29.028,2.13799,0.0262941,23.6305,78.048,2.10779,0.0142617,48.7481,60.5962,0.513303,0.435677,40.9152,100.754,0.915742,0.0397543,98.5833,60.4353,-0.534782,0.183734,85.2709,57.6638,-1.07207,0.228239,106.314,95.731,2.79672,0.0222576,100.871,20.8421,2.84344,0.0497819,0
91.4284,57.4707,-2.75326,36.0372,28.6685,2.31889,0.0192155,24.865,77.6667,2.51592,0.00850631,48.3167,60.9026,0.429636,0.478506,40.5651,99.5116,0.961076,0.037266,97.0208,60.0854,-1.18856,0.171485,85.3141,57.6027,-1.01724,0.228515,110.242,94.8384,2.63279,0.0152874,99.6743,20.549,2.67963,0.0412179,0
90.665,57.2035,-2.85732,36.5797,24.709,2.19292,0.00747108,23.0642,80.1638,1.75381,0.00841497,49.5738,61.2829,0.421699,0.461917,39.7976,101.269,0.822413,0.0295262,96.4579,59.0593,-0.8949,0.182084,84.7125,57.0883,-1.4873,0.249619,108.372,94.5684,1.86043,0.0167095,101.672,21.4502,2.00928,0.0442577,0
89.8799,57.0152,-2.95451,32.6235,25.2327,2.5731,0.0155272,19.1724,71.6418,2.88761,0.00679384,49.74,61.4256,0.278852,0.496694,42.2154,101.149,0.83878,0.0234274,96.3888,58.6238,-0.812001,0.194046,83.3439,57.0222,-1.52718,0.218479,104.222,95.6049,2.44143,0.0171295,102.467,19.9832,1.90064,0.0279031,0
89.0803,56.9025,-3.04761,31.1431,23.9737,3.26172,0.00989466,20.2647,75.0092,1.78198,0.00575694,50.8295,62.0664,0.205162,0.459605,39.6345,97.1232,1.28332,0.0207668,95.5893,57.9399,-0.953878,0.199116,82.1799,57.2002,-1.71488,0.263878,103.604,97.8352,1.66269,0.00983973,99.0994,21.0289,2.64629,0.0311433,0
88.2743,56.8598,-3.13097,27.2945,18.4741,3.09667,0.00879603,25.4083,64.6914,1.7933,0.00756272,51.5843,62.1277,0.133341,0.451818,39.8274,101.938,0.678443,0.0229086,95.8296,58.2834,-0.946159,0.170593,80.9067,57.2587,-1.69585,0.309568,103.884,93.3624,2.86719,0.0126023,100.862,23.2354,1.92223,0.016151,0
87.4687,56.8805,3.08193,29.5825,21.4853,8.70269,0.00860048,30.6942,60.2258,8.12821,0.014437,53.6605,62.2167,6.27592,0.41575,36.0647,98.7986,7.65224,0.0182382,94.6354,57.4377,5.12881,0.188022,80.8126,57.2146,4.61702,0.313454,103.695,95.8086,8.5304,0.0202415,99.1972,22.1459,9.09377,0.0212572,0
86.5363,56.9658,3.02071,28.3851,20.9931,7.40816,0.0120798,35.68,59.3786,7.10043,0.0372767,54.1319,62.4126,6.20808,0.426705,36.9071,100.037,6.45945,0.010087,93.7132,57.3809,4.52614,0.19671,79.5211,57.7413,4.43843,0.291784,108.587,92.4807,6.74326,0.0122139,104.87,21.0497,8.07877,0.0131448,0
85.8737,57.0593,2.98361,28.8614,18.6233,7.43867,0.00475213,40.0253,61.0171,6.29982,0.066615,55.8626,62.3971,6.13066,0.36289,35.6622,100.787,5.9949,0.0130664,93.3624,57.4851,4.54019,0.198773,78.3702,57.8897,4.45348,0.322823,106.778,91.5078,6.44296,0.0110717,101.634,22.0723,6.80413,0.0200081,0
85.0834,57.1967,2.95872,37.2603,16.0397,3.57591,0.0105558,42.3474,61.1903,6.17751,0.101997,56.8785,61.9636,5.98171,0.363092,35.0212,98.4603,4.87898,0.0153073,92.782,57.3678,4.66813,0.202295,78.0078,58.043,4.13897,0.29433,106.409,96.5054,5.4281,0.00613744,106.409,20.0896,6.13669,0.00628534,0
84.3001,57.3491,2.93222,32.5757,20.0961,3.02635,0.009015,43.0685,61.0673,6.22893,0.109318,58.1631,61.7912,5.93808,0.337682,36.3446,98.4201,4.79844,0.0082111,92.0348,57.3787,4.26741,0.200095,77.3777,58.4875,4.2946,0.314798,115.488,95.0086,4.71329,0.00735439,104.007,18.9192,6.72913,0.013526,0
83.5181,57.5351,2.88239,31.7179,20.9948,3.02179,0.00699793,44.1927,61.6035,6.08276,0.105707,59.5324,61.7053,5.89049,0.345839,33.9554,97.0517,4.6952,0.0080986,91.7318,57.3847,4.60377,0.229181,76.8396,58.3177,4.30025,0.285425,110.592,89.52,3.73871,0.00994335,98.9815,21.1206,6.17157,0.00880863,0
82.7486,57.7587,2.83763,36.4003,25.2039,3.76051,0.00704114,46.1731,62.115,5.89336,0.13532,60.3001,61.2793,5.57763,0.299194,33.635,95.5524,4.76114,0.00876957,91.1361,57.4892,4.37528,0.223776,76.9421,58.6906,4.31263,0.315398,98.8975,96.4681,3.63625,0.00503039,100.093,20.9792,5.20398,0.00547094,0
81.9867,58.0064,2.8216,27.6563,25.907,2.91054,0.00933184,46.9611,61.7563,5.89008,0.139668,60.9854,61.239,5.64339,0.274643,34.113,101.987,4.27845,0.0101589,90.8213,57.6629,4.62041,0.255608,77.0809,58.6977,4.10356,0.297968,101.091,98.358,3.49392,0.00824913,111.479,27.316,3.49622,0.0043734,0
81.103,58.2985,2.82864,36.9343,23.683,2.34982,0.00385145,46.8281,61.4591,5.85683,0.142316,61.1092,60.8158,5.48695,0.297464,37.9686,97.6779,5.40886,0.011945,90.7222,57.7504,4.77589,0.220262,76.9149,58.8106,4.7419,0.30614,106.764,94.9935,3.38267,0.00971772,108.56,30.197,3.58361,0.00830402,0
80.4676,58.4995,2.84212,35.6806,25.6862,3.87612,0.00558839,45.701,61.4271,5.99482,0.122345,61.9459,60.5593,5.41799,0.318842,33.1148,95.8487,4.11669,0.0087349,90.3226,57.88,4.43404,0.199367,76.3605,59.0029,4.77123,0.325348,109.001,95.4599,4.22147,0.0133822,113.356,26.297,3.53523,0.00639216,0
79.7029,58.7246,2.86947,31.3227,27.7173,3.37374,0.00871631,46.6998,60.8655,6.12412,0.136307,61.9075,60.2735,5.3427,0.327461,33.3463,94.4128,3.87509,0.0088685,90.0994,58.1038,4.6468,0.187594,75.6698,58.9465,4.43948,0.311045,107.856,93.3372,3.90263,0.00987708,113.177,32.742,3.596,0.0101314,0
79.0597,58.8938,2.90047,29.1282,25.6459,3.18607,0.00816324,47.5437,61.2593,6.11782,0.123041,62.2604,60.2755,5.27726,0.31887,32.2447,93.7172,4.05408,0.0116835,89.6482,58.4536,4.27434,0.161611,75.6598,59.0539,4.53946,0.36196,108.691,97.1374,3.69599,0.00638375,109.878,29.6553,4.83245,0.00828737,0
78.1545,59.0954,2.9464,29.3057,27.6587,3.79265,0.00871354,48.1489,60.9365,5.97883,0.128899,62.3912,59.9869,5.21572,0.300369,34.5622,95.5443,3.90447,0.00985435,89.0029,58.3776,4.83233,0.199276,76.0243,59.2865,4.60807,0.330945,107.985,98.1104,3.22606,0.0118178,109.464,31.6426,3.78867,0.0101256,0
77.3709,59.2337,2.98854,32.9583,20.1094,3.98847,0.00995046,48.1036,60.6738,5.97061,0.119933,62.8253,59.8934,5.35889,0.31902,31.34,96.8556,3.74014,0.00815759,88.97,58.511,4.59101,0.190673,75.9869,59.131,4.78479,0.337585,101.624,95.4199,3.38338,0.00889063,115.574,33.3255,2.60016,0.0057898,0
76.582,59.3382,3.03073,28.2076,18.8084,3.73645,0.0123223,48.7118,60.3947,5.92139,0.114808,63.1773,59.6503,4.98331,0.332997,34.0396,99.5785,2.90008,0.0113062,89.4622,58.736,4.93132,0.164716,75.6612,59.1506,4.69584,0.351103,104.152,91.5047,3.00248,0.00657183,107.302,20.3882,3.73946,0.006174,0
75.7896,59.4101,3.07057,25.5626,17.9009,2.72558,0.00797819,48.8947,60.2706,5.67631,0.1303,63.2535,59.9115,5.27093,0.307368,30.6338,96.5656,3.91235,0.0113718,89.5914,58.7904,4.86123,0.184792,75.8771,59.1144,4.76971,0.344091,107.277,91.8438,2.91979,0.00792907,102.615,20.5853,3.18814,0.00617032,0
74.9941,59.4525,3.1054,25.6672,20.3868,3.03393,0.00899891,47.2461,60.3969,5.65215,0.0962697,63.6522,59.7813,5.28816,0.326202,30.4368,95.8917,3.92615,0.0088207,89.3115,58.9502,4.78274,0.183422,75.2135,59.0596,4.89795,0.354176,114.187,91.4808,3.54674,0.0102497,111.438,30.8123,3.53262,0.0118615,0
74.1968,59.468,3.13768,30.7682,21.7348,2.60573,0.0148068,48.3112,60.2669,5.66457,0.0910037,63.3311,59.8447,5.29754,0.324919,29.5972,94.059,3.68356,0.0109318,89.3144,58.7987,5.20232,0.195951,75.7401,58.9841,5.03544,0.343037,113.482,97.9411,3.26748,0.00860945,109.952,26.0422,3.1008,0.0107416,0
73.3995,59.4626,-3.13771,32.0035,22.6628,-2.93599,0.0142856,48.0816,60.1262,-0.776637,0.105971,63.519,59.8176,-1.10981,0.340505,35.6672,97.6369,-2.83447,0.00562945,89.9388,58.9579,-1.07892,0.178343,75.7781,59.195,-1.3364,0.338857,104.531,97.2199,-1.38057,0.00709054,108.046,25.8691,-3.39079,0.0093181,0
72.7299,59.4677,3.12092,31.1326,22.2414,5.05779,0.0102786,48.9482,60.0254,5.50717,0.0922332,63.5408,59.7632,5.08116,0.333756,29.441,95.8614,3.54418,0.00838192,89.4544,59.4878,5.00769,0.148644,75.9525,59.3414,5.00895,0.38931,103.439,97.3138,7.1491,0.00993958,107.245,28.2802,5.50807,0.00745744,0
71.9281,59.4954,3.09478,31.4606,21.7036,4.11815,0.0180875,49.5855,60.1249,5.16004,0.104861,63.8888,59.7323,5.09303,0.307651,29.0984,91.7979,4.45594,0.0162186,90.3035,59.0958,4.99746,0.166168,75.6438,59.3215,5.03093,0.370021,109.964,97.3879,5.61635,0.0101137,114.242,32.6208,2.90763,0.00687954,0
71.1273,59.5426,3.07175,30.1501,23.1593,3.80647,0.00797038,50.1096,60.4429,5.23069,0.10376,63.9734,59.7506,4.84499,0.336726,28.3293,89.8127,2.73,0.0094123,90.4763,59.2413,4.89944,0.143195,75.7961,59.2658,5.03951,0.374887,107.014,98.4439,3.99905,0.0110792,110.765,26.9553,4.45769,0.0129697,0
70.1974,59.6154,3.05642,39.055,22.0027,3.93654,0.00734501,50.8024,60.3667,4.91873,0.124058,64.3332,59.8779,4.70249,0.331541,26.5201,92.0147,2.91959,0.00868711,90.5594,58.7423,5.05982,0.165171,75.9644,59.3775,5.03396,0.345057,111.582,89.2965,3.57472,0.0083096,107.043,29.0005,3.88437,0.00983191,0
69.4007,59.6857,3.05111,31.4093,25.8534,7.03338,0.0103345,50.4959,60.0765,5.06366,0.139207,64.5279,60.0014,4.82483,0.315284,28.4341,83.1911,5.50093,0.0094921,91.0968,58.7502,5.17585,0.159736,76.3261,59.4129,4.97162,0.343841,107.394,98.0843,3.93618,0.0110902,110.91,25.3393,4.1363,0.0110155,0
68.6045,59.758,3.05029,35.1603,21.5167,4.19243,0.0131678,50.9887,60.5988,4.73335,0.132715,65.3214,59.6878,4.87536,0.310415,25.1353,83.2215,4.40998,0.00964036,90.6504,58.8348,5.03523,0.145343,76.5608,59.1743,4.99614,0.374497,112.038,95.1596,2.72505,0.00613431,112.432,28.6647,2.99021,0.00808801,0
67.8079,59.8297,3.05413,29.3391,28.125,3.61293,0.0154103,50.6173,60.2218,4.49594,0.135616,65.2401,59.7955,4.85392,0.334013,28.3583,84.4839,2.62682,0.00806639,91.2055,58.9066,5.34769,0.162559,76.6596,59.1827,4.90477,0.325497,110.733,97.1761,2.91897,0.00756769,109.843,29.589,3.40678,0.0112699,0
67.0116,59.8973,3.06089,28.7504,28.9223,2.52617,0.00703586,51.4762,60.2969,4.64185,0.158678,65.0528,59.7746,5.01111,0.360584,31.3956,88.0001,2.76277,0.00900561,92.4994,59.0256,5.56374,0.155679,76.8774,59.2455,5.12123,0.295348,111.814,96.2101,3.67136,0.00815876,113.656,22.2992,3.18096,0.00550966,0
66.2152,59.9582,3.06948,33.5179,24.6472,4.42071,0.014278,50.6087,60.6075,4.36288,0.14377,65.0027,59.9655,4.9391,0.290497,29.0091,93.4072,2.91133,0.00731745,92.2915,58.5752,5.65004,0.175067,77.646,59.3052,5.03237,0.353097,115.299,91.0391,4.22085,0.00976229,110.573,23.4173,3.64694,0.00621184,0
65.4186,60.0113,3.08018,33.8457,22.2008,3.56136,0.012623,49.2591,60.144,4.55622,0.184377,65.0174,60.1108,4.66129,0.328422,27.324,91.0209,3.3734,0.00713786,92.8056,59.097,5.5889,0.162664,77.6459,59.3853,4.61031,0.286479,112.857,89.9974,2.73947,0.0122452,109.743,19.6256,4.8115,0.006051,0
64.6211,60.0555,3.09205,26.8641,20.9239,3.66649,0.00798472,50.3038,60.5262,4.34756,0.15875,65.0216,59.9047,4.65884,0.355661,28.578,89.4748,3.85497,0.00767714,92.9592,58.67,5.74362,0.143848,77.0149,59.4114,4.83555,0.309577,110.582,89.6868,4.10311,0.00928218,111.755,21.7487,3.08105,0.00722031,0
63.8226,60.0903,3.10423,25.3775,28.9459,2.91946,0.00843878,49.8789,60.3407,4.11116,0.161718,65.2414,60.0507,4.65368,0.346774,19.5963,81.8578,4.07078,0.00605711,92.9619,58.7459,5.70348,0.162696,77.3754,59.1901,5.02788,0.299692,112.683,88.2448,3.5573,0.0064123,110.312,24.8368,4.32729,0.00821195,0
63.0243,60.1157,3.11517,29.9651,26.6536,3.22106,0.00974833,50.1489,60.6804,4.43203,0.169966,65.5314,59.8989,4.69419,0.336794,27.5345,87.0933,3.3215,0.0109597,93.9001,58.7117,5.78512,0.158054,77.484,59.3357,5.08811,0.296368,107.852,91.4342,2.3301,0.00800848,106.674,24.2412,3.53632,0.0101019,0
62.3574,60.1303,3.11639,29.5378,22.7,4.26233,0.01254,49.2083,60.6104,4.03758,0.195647,65.6275,59.8098,4.70071,0.340438,28.3643,88.4756,3.78004,0.00630421,94.5102,58.3912,5.90748,0.148724,77.7786,59.2718,5.27904,0.285627,106.469,90.1796,2.73642,0.00392053,112.185,30.327,3.50462,0.00679987,0
61.5545,60.168,3.07228,27.9756,24.9019,2.78877,0.00843048,49.2904,60.4082,3.89906,0.157605,65.2159,59.9921,4.61237,0.352082,33.8771,91.9184,2.91474,0.0125579,94.4324,58.8199,5.73884,0.145196,78.1002,59.2818,5.19985,0.304888,106.754,98.5607,3.54363,0.00852921,109.519,28.2446,4.04111,0.0107121,0
60.7547,60.2395,3.03612,29.0996,29.484,3.75605,0.0158185,48.4737,60.9296,3.92251,0.15396,65.3714,59.8708,4.57642,0.334665,30.7494,87.876,3.66627,0.0110288,95.3566,58.4226,5.77311,0.166745,78.0351,59.0905,5.30603,0.296406,107.02,95.2018,2.9049,0.0108653,106.451,24.231,2.74163,0.0105119,0
59.9592,60.3342,3.01253,34.0929,21.8103,3.44265,0.00967931,48.6455,60.7647,4.14096,0.187031,64.8857,60.088,4.6408,0.346057,27.9886,85.5196,3.45454,0.00745037,94.6475,58.3527,5.70451,0.159074,78.1986,59.0959,5.55923,0.277,112.683,92.2139,2.99023,0.00821273,106.821,25.8994,3.41189,0.00549571,0
59.1661,60.4438,2.9962,34.5728,26.5352,5.47611,0.0116848,48.7715,60.8301,3.63183,0.223274,64.4363,60.0192,4.81331,0.29105,24.0636,85.896,2.36582,0.0084082,94.74,58.1732,5.66771,0.167906,78.5326,59.1393,5.31497,0.28595,113.647,79.4118,3.46033,0.00638794,112.082,23.4109,2.14095,0.00533929,0
58.245,60.5814,2.99147,32.1688,27.1763,4.9376,0.00657827,48.835,60.9838,4.2018,0.213545,64.6805,60.2354,4.62966,0.322795,27.2379,78.9769,2.90433,0.0100752,93.7264,58.2335,5.81666,0.149026,78.5401,59.2018,5.30608,0.289152,110.633,89.4964,3.71694,0.00411934,104.18,17.3886,3.31096,0.00470878,0
57.4541,60.6994,2.99567,33.2277,25.5967,4.87136,0.0132107,47.8191,61.0277,4.14921,0.241982,64.2496,60.2119,4.43368,0.314035,29.7983,79.4819,3.22214,0.0112645,94.4492,57.7643,5.80064,0.173702,77.944,58.9416,5.27419,0.235404,107.814,95.744,3.19432,0.00535989,107.65,19.718,3.31527,0.00504115,0
56.6633,60.8126,3.00494,38.157,21.8509,5.16435,0.00556663,45.9127,61.1944,3.90913,0.187847,63.4739,60.138,4.63495,0.320094,27.8793,79.5412,2.82159,0.00980062,94.855,58.0223,5.82764,0.183594,77.9097,58.8078,5.40002,0.279591,108.347,96.2263,4.09946,0.00616378,114.086,28.4245,2.59337,0.00734312,0
55.8718,60.9157,3.01965,35.4467,26.5235,2.82363,0.00744799,45.5572,61.3376,3.93279,0.187065,63.4172,60.4842,4.50465,0.305637,28.5914,77.2825,2.91907,0.0147264,94.8771,57.9285,5.99227,0.174482,77.9045,59.0081,5.40604,0.296456,104.044,96.1222,4.15257,0.00551978,110.176,28.9429,3.815,0.00866618,0
55.0792,61.0056,3.03719,29.307,29.6652,3.19,0.0102788,46.6772,61.3337,4.08826,0.195414,63.3473,60.2223,4.67563,0.293686,31.4607,80.0679,3.3833,0.0172811,94.6947,57.6352,5.85919,0.1953,77.6,58.6397,5.51214,0.27736,98.0627,103.233,3.79495,0.00483212,108.663,23.0004,3.42231,0.00584841,0
54.2849,61.0809,3.05683,36.2537,28.6693,3.01305,0.0145574,46.0945,61.2469,3.74955,0.189842,63.662,60.2276,4.5468,0.26582,31.7583,89.7766,2.85272,0.0116714,95.8364,57.7839,6.02353,0.220896,77.7083,58.8706,5.52178,0.283521,104.705,100.744,3.48682,0.00358234,110.69,25.1775,3.6152,0.0101098,0
53.4886,61.1405,3.07754,32.7895,29.8791,3.38494,0.0110692,44.2233,61.16,3.87139,0.170792,63.6855,60.4801,4.46713,0.258537,29.1469,94.4609,2.77238,0.0086672,95.7325,57.7678,6.04651,0.270057,78.2981,58.8756,5.50475,0.264977,110.059,102.787,2.56706,0.00669687,109.607,26.6265,2.26338,0.00920345,0
52.6883,61.1976,3.05322,32.6627,21.9525,3.72131,0.00893356,44.4904,61.3279,3.92621,0.185139,63.1371,60.4091,4.6941,0.289718,24.6652,87.9353,2.90524,0.0078923,96.463,57.8592,6.07465,0.243455,78.6776,58.6237,5.49327,0.244563,104.308,96.1605,2.93222,0.0113079,111.82,26.8338,3.11291,0.00899046,0
51.8907,61.2825,3.01964,32.1453,27.8868,4.20715,0.0116654,44.0772,61.5769,3.99024,0.188993,62.8108,60.4849,4.48888,0.286769,29.7702,93.372,3.44154,0.0152536,96.6007,57.6371,5.9434,0.214671,79.4652,58.7883,5.5421,0.266683,105.936,96.8489,3.66691,0.00853426,111.574,27.1885,3.35093,0.00743184,0
51.0973,61.3883,2.99948,32.9239,28.8538,3.75486,0.0111865,43.2948,61.6427,3.66451,0.18876,62.8129,60.4072,4.32484,0.285484,28.7672,90.2789,3.06269,0.0110902,96.8603,57.6345,5.97951,0.24888,79.3863,58.1879,5.68943,0.244456,109.933,91.5594,3.87494,0.00512545,108.905,26.3836,3.15491,0.00501759,0
50.305,61.5059,2.98929,38.9357,27.5138,3.30125,0.00421551,42.5662,61.6364,3.39667,0.186472,62.9358,60.5359,4.24954,0.284158,31.8756,90.7619,3.30529,0.011481,96.3816,57.6529,5.98861,0.240907,79.4322,58.3991,5.56956,0.260721,107.841,93.7863,3.01971,0.00511644,109.361,28.2249,3.63027,0.00692905,0
49.3846,61.6504,2.98609,28.7694,25.6757,3.43502,0.00897586,42.2892,61.9043,3.64595,0.183296,61.7929,60.9261,4.0394,0.261957,32.8533,95.3828,2.60445,0.013264,96.6281,57.5997,6.03809,0.276073,79.4104,58.4701,5.48071,0.241103,106.984,95.6027,2.55406,0.00527374,108.774,27.2602,2.89302,0.0100563,0
48.7253,61.7513,2.99324,35.6686,24.4561,2.85356,0.0130252,43.3843,62.1309,3.71959,0.179682,60.4711,60.8855,4.13505,0.280863,30.4455,96.9504,3.21186,0.0131488,96.6753,57.3109,6.03861,0.247587,79.9272,58.445,5.64531,0.244757,109.054,93.6621,3.30636,0.0104916,104.67,23.0882,3.9314,0.0104461,0
47.8044,61.881,3.01005,33.3422,26.783,3.7778,0.00918839,41.9689,62.0729,3.62154,0.196695,61.3287,60.9824,4.21122,0.266965,32.9041,92.4063,2.58681,0.00933802,96.5979,56.9695,5.94986,0.242142,79.7156,58.3603,5.5674,0.260048,107.156,93.5525,4.52533,0.00909471,105.229,24.7697,3.85272,0.00652893,0
47.143,61.9636,3.02501,33.0464,22.9757,3.28947,0.0116419,42.2157,62.3607,3.73328,0.161801,61.0353,60.8297,4.0371,0.292328,29.0812,96.1768,3.6511,0.00822314,96.1397,57.3668,5.99832,0.254255,80.3847,58.0943,5.66341,0.24787,111.788,94.2201,3.87238,0.0148687,105.247,19.9655,3.69913,0.00901142,0
46.3494,62.0491,3.04445,36.1659,19.3217,4.91182,0.00480425,42.7797,62.3132,3.76417,0.187828,60.4652,61.1531,4.03523,0.29267,32.834,94.294,2.98225,0.0107741,97.6468,56.9783,6.03113,0.266975,79.7819,58.3864,5.54964,0.21595,107.779,92.8092,3.2511,0.00810838,111.06,24.1005,3.22784,0.0128915,0
45.5547,62.1183,3.06497,36.167,24.1068,4.61578,0.0105349,41.7404,62.0489,3.59566,0.219806,60.6728,60.9286,4.3065,0.244594,28.768,91.4236,4.17763,0.0126079,98.1499,57.0226,6.1722,0.29749,79.7425,58.2647,5.65173,0.195335,114.412,93.3712,2.68328,0.00639512,105.127,23.7469,2.71009,0.0132364,0
44.759,62.1708,3.08574,31.3862,23.1739,3.02699,0.00874626,41.1682,62.1045,3.98686,0.19218,59.6136,61.112,4.1403,0.233407,30.1164,96.5705,3.52846,0.0144464,98.5879,57.2715,6.22065,0.310287,80.1891,58.0985,5.79882,0.216508,107.605,95.535,3.8505,0.0132381,103.72,18.3974,2.68119,0.0111865,0
43.9629,62.2206,3.06289,34.7135,20.9115,3.62783,0.00817779,40.6241,61.9085,4.05718,0.24043,59.2375,61.1178,3.73243,0.227622,28.1411,94.2246,2.90002,0.00905823,98.9666,57.1937,6.14223,0.306602,80.5528,58.3176,5.60525,0.187721,105.794,96.2376,4.41015,0.00846712,109.058,20.8143,3.23838,0.0119224,0
43.1635,62.2968,3.0329,34.6753,26.5524,3.63848,0.00635261,39.9733,61.8394,3.70966,0.234733,58.8437,60.9701,3.99611,0.198474,26.738,90.9148,3.02899,0.0170231,98.9273,57.2002,6.10803,0.356446,80.3208,58.3725,5.55868,0.162368,107.643,93.5363,3.54188,0.0146196,111.743,20.8097,3.37412,0.00998453,0
42.368,62.392,3.01437,33.4543,23.5075,3.00303,0.00770004,39.6904,62.1095,3.77599,0.234578,58.7202,61.3701,3.87941,0.232742,33.4598,94.9598,3.32153,0.018004,99.7003,57.0295,6.11332,0.32195,81.0069,58.2277,5.35936,0.167043,103.604,96.4142,2.80016,0.00723502,105.681,20.9524,3.21807,0.0107475,0
41.5747,62.4973,3.00374,32.4503,26.02,3.90166,0.0121237,39.5425,62.2827,3.61956,0.258723,58.2994,61.2526,3.97173,0.201051,35.7586,99.4968,2.14643,0.0136758,100.097,57.1012,6.08378,0.327509,80.9205,58.2385,5.75371,0.168775,110.338,90.0165,3.2916,0.00835555,111.353,24.6766,2.02791,0.00978637,0
40.9131,62.5902,3.0013,33.2862,23.072,2.84729,0.0166855,39.2353,62.4361,3.98174,0.236153,58.0052,61.7475,3.86023,0.204265,30.3618,92.8306,2.13276,0.0123702,100.818,57.0617,5.99432,0.35838,81.4306,58.5322,5.53104,0.148068,112.219,89.5927,3.59909,0.0100034,110.508,32.1325,1.61318,0.0140751,0
40.1212,62.7023,3.00231,33.0615,25.4322,3.33189,0.0111214,39.5405,62.0094,3.69262,0.25946,57.6295,61.7051,4.09128,0.18781,30.263,93.7016,2.78008,0.0142938,101.186,56.9573,6.12775,0.364025,82.4793,57.8293,5.70317,0.142096,114.533,97.3127,4.30496,0.00776841,113.329,30.2817,3.29795,0.0134241,0
39.3295,62.8103,3.01027,34.8452,25.9133,3.56102,0.0130978,38.5517,61.8025,3.60285,0.284494,57.2333,61.3994,3.97556,0.197821,33.2906,98.378,3.66474,0.0055663,101.785,57.0067,6.15833,0.344594,84.2343,57.9327,5.84069,0.140536,106.774,95.5375,3.73466,0.00791987,116.814,24.8736,3.81274,0.0059714,0
38.4065,62.9244,3.02692,38.2329,20.7432,2.88934,0.00851838,38.0855,62.3246,3.64759,0.298515,56.6608,61.7543,3.85013,0.186879,34.5775,99.0078,2.89511,0.0121692,101.825,56.8049,6.1355,0.32965,84.7779,57.5313,5.7905,0.146573,112.976,92.8267,3.31537,0.0136389,111.25,26.6067,2.61305,0.00405678,0
37.6132,63.0086,3.04421,32.7944,24.7078,3.57399,0.0133956,37.7338,62.0068,3.85544,0.305741,56.7297,61.519,4.17672,0.164987,32.555,97.3707,2.18046,0.00870754,102.321,57.1482,6.26416,0.33886,85.608,57.8753,5.938,0.146661,109.735,97.4581,3.12773,0.00903339,108.258,26.8631,3.49985,0.0126139,0
36.8189,63.0927,3.01918,34.3496,22.4124,2.99922,0.0155192,37.9146,61.9311,3.92914,0.333342,56.7861,61.452,4.01039,0.166498,28.7423,98.0143,3.22722,0.0151499,102.818,56.8795,6.20522,0.315411,85.5623,57.7105,5.92703,0.131456,107.579,97.635,4.25559,0.0104178,107.93,21.7667,3.23338,0.0122063,0
36.0238,63.2047,2.9875,31.371,21.2831,3.65929,0.00726276,38.3546,62.3321,4.10742,0.317442,56.403,61.8003,3.84284,0.156195,36.0037,97.9756,1.72056,0.0110188,102.352,56.9505,6.21876,0.364749,84.1185,57.8864,5.66959,0.123556,104.438,101.105,3.7925,0.0119162,106.997,20.0197,4.43278,0.00785951,0
35.1034,63.3578,2.96967,33.5607,27.9347,2.47594,0.016759,37.2059,62.3141,3.77855,0.345286,56.6793,62.154,4.01201,0.128529,32.1346,97.7525,2.41845,0.00998161,102.324,56.6677,6.11967,0.376171,84.7727,57.4314,5.49447,0.0933811,104.186,96.8757,3.2936,0.013644,107.288,23.2448,2.88295,0.0162486,0
34.4456,63.4737,2.96371,32.9064,29.8274,3.27054,0.0110947,36.904,62.587,3.70835,0.351774,56.5902,62.1161,3.95697,0.129951,32.8939,98.3527,3.05801,0.0127574,102.554,56.3716,6.13358,0.362618,84.8053,57.1677,5.59007,0.114385,102.826,95.4018,3.6737,0.00707329,106.911,28.01,2.99248,0.0103477,0
33.6584,63.6148,2.96615,32.4664,23.9639,2.41425,0.0190289,36.2206,62.5006,3.9235,0.372369,55.6868,62.469,3.75115,0.103424,30.212,99.8512,2.97772,0.0214845,103.744,56.3662,6.08372,0.359688,84.6817,57.6078,5.76826,0.0896908,103.175,94.9207,3.11952,0.0193875,106.639,31.5826,3.46126,0.0149278,0
32.871,63.7501,2.97839,35.1502,18.5351,2.98991,0.0158337,35.6249,62.6905,3.90645,0.404573,53.4263,61.9038,3.89372,0.112928,24.7102,109.895,3.54233,0.0028743,104.196,56.3253,6.087,0.365073,85.7428,56.8358,5.74387,0.0656661,106.453,94.4386,3.03914,0.0152548,107.858,24.8677,2.6716,0.0177965,0
32.2127,63.8548,2.99005,33.8167,22.4217,3.17259,0.0204832,34.6161,62.7782,3.87418,0.354187,53.6973,62.9099,3.78879,0.122365,35.1305,105.389,2.97014,0.0120768,104.935,55.9244,6.07194,0.355507,87.4016,57.3291,5.42461,0.104267,107.479,92.1602,3.03041,0.0201412,108.827,28.0631,3.40678,0.0109729,0
31.2924,63.9841,3.01379,35.2145,21.7702,3.35496,0.015968,33.6208,63.2852,3.76887,0.350225,53.9308,62.647,4.09673,0.141707,35.9854,102.19,3.17766,0.0190825,105.449,55.7134,6.09584,0.324468,87.6328,56.9273,5.55608,0.101624,102.372,98.8522,3.69904,0.0237741,106.889,24.0526,3.08896,0.0231513,0
30.5005,64.0764,3.03691,33.3228,20.2711,3.41952,0.0311024,33.1852,63.7122,3.76315,0.375742,53.4796,62.0413,3.74692,0.107849,31.6116,97.2589,3.33591,0.0125301,106.817,55.7293,6.00487,0.344477,88.4248,56.7973,5.87517,0.0859345,108.053,94.313,2.87198,0.0160891,105.385,24.0349,2.80777,0.0262759,0
29.7063,64.1654,3.01474,32.7245,21.1162,2.77112,0.0291644,32.5655,63.6797,3.77632,0.35075,53.1622,63.0254,3.90349,0.103278,33.0496,100.928,3.17331,0.0198994,106.881,55.4353,6.02061,0.341049,88.6766,57.6767,5.37631,0.0999533,107.25,95.7312,2.99412,0.0323646,108.411,23.9392,2.70338,0.0235417,0
28.7821,64.296,2.99067,33.9545,16.9288,3.27591,0.018962,31.1554,63.9894,3.69999,0.365391,52.4895,63.2917,3.75158,0.101846,35.9259,97.3237,3.91604,0.0126334,108.278,55.1323,5.95202,0.321733,89.344,57.6859,5.3189,0.134573,107.157,95.1558,2.56834,0.0205422,109.242,20.2199,2.52771,0.0243189,0
28.2522,64.3799,2.97943,34.3071,17.6887,2.68264,0.0217928,30.7058,64.3097,3.59804,0.347971,53.3622,63.3213,3.85324,0.124608,34.7834,98.736,2.78087,0.0288286,109.682,54.6486,5.86186,0.324975,89.6492,56.4901,5.39596,0.110914,110.517,91.2181,3.14766,0.0231502,112.108,22.8806,2.32032,0.0177618,0
27.2032,64.5544,2.97607,31.3565,21.2808,3.42461,0.0286773,30.1717,64.1068,3.7078,0.379209,51.4037,64.335,3.70954,0.0997208,29.6075,101.142,2.67948,0.0257803,110.739,54.4839,6.00141,0.300345,89.7214,57.7026,5.16826,0.102625,107.078,91.5134,3.46043,0.0404426,108.406,26.3985,3.26539,0.0231998,0
26.6747,64.6415,2.97995,30.7143,22.7623,3.75741,0.0333182,28.0608,64.2701,3.56916,0.372321,51.1304,64.2247,3.35109,0.0977241,32.3697,102.482,2.53162,0.0204052,111.573,54.5782,5.9649,0.310629,88.0006,56.5518,4.91604,0.0998194,107.881,90.8613,2.84853,0.0311074,107.193,25.0152,3.19096,0.0346764,0
25.8859,64.7674,2.98898,31.6941,21.6269,3.36023,0.0340348,27.4567,64.6514,3.53286,0.412939,52.3946,62.4427,3.51027,0.0758831,30.2846,100.739,2.7582,0.0234121,112.293,54.0182,5.97788,0.299308,87.3692,56.5982,4.90104,0.0845938,106.674,94.2687,3.18556,0.0364498,108.405,24.2346,3.19755,0.033379,0
25.0972,64.8837,2.99425,32.959,21.5075,3.88567,0.0493531,27.1721,65.1375,3.52779,0.404484,51.1641,64.9632,3.37184,0.0627058,37.2591,103.972,2.8194,0.0188382,113.365,53.759,5.86607,0.324194,87.417,56.0675,4.81835,0.0712059,107.512,94.2049,3.29079,0.0273179,104.744,25.0542,3.19668,0.0419013,0
24.3065,65.0161,2.95578,32.5057,25.1761,2.99456,0.0295883,25.4003,65.2545,3.41041,0.379126,50.6327,63.2139,3.09778,0.0666478,36.527,101.873,2.47878,0.0164881,114.171,54.1647,5.99348,0.390108,87.4445,57.6682,4.7804,0.0589855,108.927,93.8803,2.82264,0.0274202,106.713,25.0215,3.34895,0.031636,0
23.5202,65.1723,2.93545,34.0371,23.0514,3.51041,0.0321086,23.6447,65.1621,3.56371,0.398734,50.9791,63.7056,3.65153,0.0574936,27.62,97.71,3.09507,0.0211705,114.965,53.6508,5.99264,0.382623,89.1878,57.3922,4.75237,0.0494939,109.838,93.1583,2.8257,0.0334811,106.207,23.1667,2.99627,0.0248944,0
22.7381,65.342,2.92489,30.8857,25.1159,3.19645,0.020746,22.9952,65.2485,3.49516,0.395548,49.7001,61.6043,4.01755,0.0564493,33.8034,101.167,2.5621,0.0203621,116.373,53.6297,5.97119,0.400393,88.9759,55.3334,4.99964,0.0540671,108.212,94.3309,2.63672,0.0251827,104.994,23.2621,3.4344,0.0272521,0
21.9578,65.5137,2.92763,32.0478,22.1981,3.49846,0.0168405,22.3627,65.5991,3.38649,0.436589,50.3867,63.8983,3.24152,0.0466615,36.4745,96.9199,3.09675,0.0212994,117.467,53.7409,5.95553,0.389928,88.025,58.3983,4.47893,0.0478967,105.411,94.2351,3.05109,0.0220876,106.418,23.7162,3.03852,0.0186976,0
21.0475,65.7038,2.94497,31.2854,21.1309,3.05884,0.0307305,21.351,65.3139,3.34368,0.439071,46.7008,64.2695,3.17736,0.0468481,31.1479,96.2125,2.72632,0.0203015,118.219,53.6173,6.05898,0.39076,87.1722,56.3522,4.61311,0.0351107,115.322,95.0016,2.03002,0.0206877,105.192,22.2388,3.07638,0.0164903,0
20.1299,65.8796,2.94595,30.8184,25.8581,3.19354,0.0324132,20.1566,65.721,3.44036,0.415215,49.4156,62.0414,3.25083,0.0448343,33.3547,96.1716,2.68618,0.0209322,118.835,53.7644,6.04852,0.406956,87.5366,58.1114,4.12144,0.0418103,108.417,98.1958,2.8091,0.0187999,110.192,19.6015,3.30564,0.0190397,0
19.3454,66.0463,2.91737,33.7393,28.379,3.11152,0.0364325,19.759,66.0464,3.24172,0.409791,50.0897,60.4003,2.90112,0.0292792,31.6856,99.6685,2.32899,0.0296597,119.49,53.6295,5.97913,0.407592,84.2067,56.0413,3.6707,0.0360203,108.301,96.3088,1.48479,0.0254329,109.379,22.5604,3.62324,0.0257924,0
18.8233,66.168,2.90848,27.7576,27.7443,2.79358,0.02203,19.322,65.862,3.18042,0.38401,50.2491,61.1574,3.13444,0.0367455,26.1485,97.4278,2.96391,0.0239002,120.216,53.6912,5.95405,0.45527,86.0855,55.2895,3.84213,0.0344413,110.336,92.8941,2.95539,0.0228532,109.571,23.1254,3.65898,0.0207494,0
17.9176,66.3881,2.90081,35.111,28.713,2.41268,0.0206858,18.6285,65.9195,3.22791,0.412419,51.6746,61.4018,3.11512,0.0293796,29.0513,97.3576,2.93949,0.0172651,120.803,53.2637,6.01717,0.439857,84.612,57.5515,3.22846,0.0313582,107.487,93.2377,2.40477,0.0248108,108.47,19.9229,3.85541,0.0242246,0
17.1387,66.5781,2.89413,35.5456,26.7165,3.062,0.0187541,18.304,66.1745,3.25447,0.406474,46.7657,64.5586,2.44394,0.0227505,26.9764,97.7484,2.63072,0.018795,121.734,53.0782,5.95867,0.471756,87.0051,57.3522,3.3402,0.0171702,102.754,94.9094,2.70664,0.02181,108.017,19.0071,3.43166,0.0224898,0
16.3637,66.7871,2.86064,30.2336,30.7591,3.12931,0.0197596,17.4025,66.4922,3.26068,0.372254,45.3628,61.2983,2.86089,0.0249331,27.9301,99.0545,2.81007,0.0197905,122.017,53.1516,5.96209,0.494001,87.3688,56.2107,3.54318,0.026705,101.547,94.1088,2.49405,0.0263534,108.073,17.8065,3.23839,0.0162034,0
15.5963,67.0204,2.83861,32.8527,24.5705,2.99824,0.0224483,15.2587,66.5609,3.22764,0.377347,48.9363,59.7191,3.75233,0.015191,33.1253,99.5946,2.77563,0.01468,123.817,52.8366,5.94403,0.511411,86.1228,58.6726,3.22756,0.0172685,103.881,97.109,3.35643,0.0236223,106.998,18.4701,3.26775,0.0180317,0
14.7082,67.2979,2.84253,37.317,23.317,2.61627,0.0174825,14.4675,66.6984,3.43586,0.425121,49.0847,59.0905,2.5771,0.0166048,38.6243,96.9608,2.3196,0.0146966,124.927,52.6079,5.91542,0.47157,88.6898,54.8616,3.59426,0.0218127,104.773,99.0392,2.76806,0.016969,111.667,16.7974,3.8157,0.0157433,0
14.0691,67.4942,2.83509,35.5605,20.8419,3.24965,0.0167234,13.78,67.3867,3.63115,0.407853,48.0793,63.0697,1.97074,0.0172123,33.3261,98.0741,3.58263,0.0107113,125.67,52.0359,5.98025,0.48994,85.2498,54.9214,3.40448,0.0270876,107.336,93.3601,3.02703,0.0150673,107.776,16.837,3.67864,0.0154056,0
13.3075,67.7469,2.8061,36.1318,17.7083,3.66523,0.0165565,13.1149,67.2348,3.2848,0.35817,46.2479,60.376,2.77464,0.0207721,33.0389,101.48,3.01786,0.0192292,126.526,51.8463,5.92664,0.522505,79.6446,53.0331,3.04231,0.0135355,111.217,94.4813,3.39503,0.0342939,105.175,19.6412,3.84662,0.0149374,0
12.5554,68.0268,2.76055,39.6556,16.592,3.33386,0.0297056,12.7407,67.4959,3.30681,0.39165,43.25,57.8138,2.58792,0.0168198,38.4591,104.204,2.47731,0.0166165,127.043,51.626,5.81365,0.479439,80.1028,58.9461,3.34182,0.0216863,110.154,93.2949,3.74027,0.0300447,98.6514,13.6599,3.47956,0.0140382,0
11.8325,68.3385,2.70551,36.5652,17.2125,3.75142,0.0199758,11.6331,67.7577,3.23806,0.394498,40.0042,59.271,2.50107,0.0218706,33.3244,97.4221,3.10756,0.0131475,128.16,51.0348,5.83504,0.492344,80.4006,62.5687,2.54445,0.0282971,114.902,95.7555,3.1301,0.0192916,111.401,13.757,4.54971,0.0105747,0
11.3612,68.5718,2.66027,39.8013,14.6697,3.74911,0.0182981,11.0505,68.1544,3.06888,0.374662,37.2307,57.3064,2.79909,0.00756351,35.7499,98.7931,2.36018,0.00855452,129.032,51.0214,5.79069,0.526423,82.0934,55.0189,2.53026,0.0206516,116.432,93.9087,3.22923,0.0280163,108.169,17.7939,3.70761,0.0158312,0
11.0748,68.7223,2.65769,36.0809,14.5299,3.78737,0.032444,10.7517,68.5001,3.23875,0.39096,38.9608,56.2365,2.77407,0.0219625,42.3591,94.8414,3.22635,0.008154,128.863,50.6442,5.78392,0.49438,86.7236,55.44,3.37335,0.0159948,108.738,97.4701,2.64717,0.0240417,109.279,20.0155,2.81935,0.0120636,0
10.8952,68.8143,2.68336,35.5472,13.9838,4.28551,0.0192876,10.8,68.3161,3.08793,0.360003,47.542,62.1602,2.27518,0.0148188,37.5084,100.828,3.1817,0.0186396,129.194,50.5717,5.77688,0.533886,87.316,58.6186,2.6934,0.0158975,109.682,98.8908,2.58819,0.0176164,114.009,15.6735,4.19714,0.0198513,0
10.8201,68.8498,2.73343,39.6858,17.7684,3.90331,0.0234947,10.526,68.5444,3.31101,0.350427,46.9481,60.3369,3.45869,0.0157705,38.9334,100.921,3.57101,0.022613,129.295,50.4754,5.85032,0.533639,92.3907,59.5714,3.12753,0.0233874,115.416,97.2132,3.95798,0.0179916,114.868,20.7028,3.22309,0.0126761,0
10.811,68.8537,2.74558,38.8586,14.7266,3.99825,0.022694,10.4628,68.6944,3.22449,0.383866,46.4564,60.5303,2.9365,0.0143236,42.4406,96.0893,3.42164,0.0139581,128.968,50.5222,5.88835,0.514395,87.2249,58.0541,3.26574,0.0169865,117.427,96.9324,3.25667,0.0130619,115.164,17.687,2.96013,0.0207146,0
10.8103,68.854,2.74517,44.8517,15.2059,4.31213,0.0196713,10.3456,68.1781,3.05845,0.401766,45.5352,61.7205,3.29352,0.0192044,35.7979,98.8179,3.44236,0.0103892,129.254,50.6936,5.89012,0.500382,85.9367,55.7035,3.17344,0.0147292,120.035,101.665,2.9354,0.0198098,116.238,21.1998,3.09813,0.014048,0
10.8095,68.8543,2.74467,33.6022,16.1496,3.65667,0.0164091,10.3598,68.2048,3.10049,0.376663,44.7795,62.2775,3.42423,0.0140644,45.8223,101.158,3.00419,0.0147654,129.092,50.6974,5.90701,0.532387,85.4734,59.9778,2.84759,0.0100938,112.618,96.4509,3.26338,0.0229202,111.184,22.2543,3.40005,0.0126968,0
10.8091,68.8545,2.74439,39.2045,16.6526,3.67206,0.0295595,10.6768,68.3392,3.45772,0.387275,47.392,59.8231,2.95933,0.0158886,38.3766,104.252,2.68371,0.0172377,128.942,50.899,5.85471,0.499508,84.4391,68.3844,3.17781,0.0206514,113.282,89.9264,2.64592,0.0188574,111.66,14.5064,4.11067,0.0110226,0
10.8083,68.8548,2.74389,37.4315,16.9416,3.4125,0.015683,10.5679,68.3247,3.32903,0.392874,48.9979,58.0597,2.98031,0.022812,42.2465,105.93,2.38589,0.0100076,128.888,50.389,5.85701,0.501685,84.3967,67.6486,3.10832,0.0205678,118.327,90.7074,3.0504,0.0215918,101.814,20.0016,3.29985,0.0147788,0
10.8077,68.8551,2.74346,37.8059,19.7659,3.30989,0.018074,10.6787,68.4798,3.40246,0.392778,50.04,55.7576,4.19806,0.0100718,35.1319,107.41,1.8147,0.00671731,128.965,50.2658,5.84438,0.529933,84.9138,64.3241,3.35182,0.0202019,114.336,91.8797,4.98478,0.00812142,96.5518,17.8611,3.50896,0.0141023,0
10.807,68.8553,2.74304,39.4659,17.3443,3.06511,0.0205107,10.6542,68.3337,3.23568,0.349661,43.3768,60.2558,2.88662,0.0208797,43.0143,101.507,3.27142,0.0139869,128.895,50.3416,5.82531,0.547055,90.8144,61.8074,3.38236,0.010006,115.131,94.5897,4.123,0.0229558,100.963,15.6376,3.67033,0.0149455,0
10.8064,68.8556,2.74262,38.6695,18.3877,2.94424,0.0223259,10.2053,68.4607,3.11739,0.370757,43.9757,57.0178,3.44059,0.0149457,37.2375,101.937,2.89598,0.0155298,128.828,50.5023,5.86403,0.529888,90.9641,61.6006,2.53337,0.0149858,115.033,91.5846,3.54279,0.0160227,94.6871,22.8375,3.41446,0.0155458,0
10.8057,68.8559,2.7422,36.8729,17.1251,3.47014,0.0209894,10.3882,68.5664,3.24008,0.36757,45.4712,60.9038,3.27598,0.0239948,39.9414,96.3947,3.63343,0.00977872,129.013,50.4136,5.89274,0.529936,85.3665,65.7478,3.18319,0.0161923,111.99,94.7157,4.08141,0.0196161,104.468,18.8572,3.77362,0.0119225,0
10.8051,68.8562,2.74178,44.0132,16.2572,3.18216,0.0207266,10.579,68.3525,3.3178,0.371481,39.2133,58.2936,3.50536,0.0110284,41.3241,102.412,3.20064,0.0135644,128.937,50.6461,5.87047,0.537183,86.2536,65.3607,3.44273,0.0212105,106.583,101.927,3.14464,0.016668,104.638,15.9005,2.97141,0.00813788,0
10.8044,68.8564,2.74137,36.763,15.4267,3.45837,0.0312752,10.3258,68.0454,3.30539,0.350055,42.0485,58.4002,3.00375,0.019544,47.2797,97.9883,3.84609,0.0187135,128.696,50.338,5.7959,0.539352,90.6808,63.9652,2.84074,0.0173079,106.425,104.071,2.7332,0.0103716,101.406,17.4711,2.26521,0.0133813,0
10.8037,68.8567,2.74089,38.2281,16.0638,3.95357,0.0305409,10.6178,68.3262,3.15995,0.382822,45.308,57.2986,3.18051,0.013144,40.0552,99.1142,2.71085,0.0136259,128.835,50.4176,5.83588,0.510599,89.4879,60.2339,4.08939,0.0183313,111.856,102.427,3.04787,0.0148828,99.5493,15.5892,3.45431,0.0160543,0
10.8033,68.8569,2.74062,31.9768,19.9078,3.16389,0.0268988,10.1574,68.5769,3.21016,0.342096,48.1912,60.2307,1.94734,0.0115539,31.8467,100.433,2.10206,0.00959597,128.822,50.2693,5.82616,0.566808,91.2622,66.3589,3.04631,0.0205909,106.57,94.8894,4.19392,0.0155425,103.774,23.8694,2.01058,0.00691441,0
10.8026,68.8572,2.74015,38.2452,19.5751,3.80675,0.0199198,10.4631,68.2989,3.19062,0.331318,47.6978,61.3227,2.23775,0.0195833,32.0715,100.415,2.99113,0.0140722,129.042,50.1988,5.80466,0.5617,92.084,65.7862,2.67835,0.0228727,104.205,96.6932,3.40784,0.019127,102.18,19.9442,3.1085,0.0114077,0
10.8019,68.8575,2.73974,27.0204,23.7123,2.86745,0.0158697,10.3898,68.4569,3.06912,0.364551,47.6353,60.4065,2.48594,0.0122861,37.1575,104.127,2.90131,0.0135841,129.05,50.222,5.85903,0.543527,90.0567,59.2515,3.13651,0.0178523,105.743,101.355,3.17614,0.0229663,104.935,26.2286,2.53726,0.00936288,0
10.8013,68.8577,2.73934,29.123,16.5982,3.44436,0.0220238,10.2587,68.5775,3.03003,0.378684,50.6979,61.1791,3.29416,0.0202535,33.6598,101.984,1.62192,0.0148385,128.798,50.2995,5.86712,0.526238,87.5347,61.4704,2.93763,0.0120869,108.725,94.231,3.56693,0.0159439,95.7111,14.0368,4.22553,0.00993118,0
10.8007,68.858,2.73895,28.7612,21.7738,3.09759,0.0151547,10.6953,68.3288,3.15396,0.348378,55.3107,60.0497,3.30441,0.0147665,33.1874,104.17,1.68767,0.015464,128.802,50.6229,5.91366,0.56412,90.2261,57.353,3.4496,0.0113159,101.577,95.0003,3.47333,0.0190104,101.587,18.0436,3.77765,0.0117904,0
10.8,68.8583,2.73849,33.7289,17.5782,4.02566,0.0134449,10.5251,68.313,3.17953,0.359053,50.0879,66.5109,2.24799,0.0129005,34.5362,103.488,2.47904,0.0155742,128.633,50.4672,5.85552,0.553485,90.2468,57.8982,2.93411,0.0175893,96.6565,94.5654,3.80533,0.0177197,93.746,19.4985,3.14462,0.0102328,0
10.7996,68.8585,2.73823,23.1402,19.4662,3.36765,0.0097778,10.1439,68.3077,3.3066,0.33183,48.2635,66.3334,3.04396,0.0156948,36.5965,102.109,2.28386,0.0219398,128.902,50.3738,5.83265,0.567411,87.6278,59.7923,3.24117,0.0243134,100.12,95.5268,3.34461,0.0190865,90.655,19.8129,3.55305,0.00994633,0
10.799,68.8587,2.73784,27.7724,25.5444,2.81599,0.0174739,10.3181,68.6873,3.14371,0.371477,44.6412,59.984,3.54677,0.0132045,34.4251,105.413,2.09433,0.0249527,128.856,50.2158,5.80946,0.52866,94.0461,63.094,2.76665,0.013329,105.812,96.0236,3.46223,0.0220517,92.914,21.9891,2.90246,0.00885172,0
10.7985,68.859,2.73745,31.9217,22.0536,3.38456,0.0159209,10.1396,68.4061,3.09068,0.335229,49.2213,62.3377,4.02861,0.0152073,40.7762,98.2481,1.48918,0.0319778,128.925,50.2835,5.7723,0.553381,89.655,55.9022,3.40214,0.0100866,113.523,98.5615,3.68176,0.0267309,97.4017,19.558,3.60254,0.0114669,0
10.7979,68.8592,2.73707,24.2591,23.7885,2.84136,0.0221449,10.4193,68.6317,3.14245,0.308356,48.0247,57.9045,3.05535,0.0124213,37.1442,101.249,2.21201,0.0191116,128.904,50.3881,5.88122,0.570567,87.839,64.1292,2.90656,0.0215708,110.813,98.8566,3.46147,0.0307336,99.2072,22.0379,3.00031,0.0150943,0
10.7973,68.8595,2.73669,37.6257,17.2557,3.73959,0.0160457,10.4425,68.1913,3.27518,0.321641,44.6623,51.4722,3.06812,0.0141417,37.0172,103.376,2.01677,0.0294708,128.916,50.5407,5.8647,0.5635,83.6921,67.6377,3.92664,0.014762,110.271,96.3945,3.73954,0.0181149,99.9126,20.7401,3.20729,0.0223241,0
10.7966,68.8597,2.73625,39.9529,19.9102,3.93032,0.0154404,10.3985,68.5549,3.30722,0.346108,43.7178,57.8719,2.48707,0.0134363,44.518,101.224,2.76499,0.016606,128.739,50.2751,5.79762,0.555062,85.4717,70.0145,3.05689,0.0178698,109.662,97.6503,3.39564,0.0229318,104.803,18.8908,3.37179,0.0125453,0
10.7961,68.86,2.73587,28.0815,22.6109,3.22078,0.0281622,10.0255,68.7168,3.08164,0.299044,45.933,62.7444,2.43286,0.0256225,37.816,104.859,2.06609,0.0168975,128.866,50.5691,5.86309,0.586444,87.4049,60.8913,3.59063,0.0143122,114.405,96.8318,3.72544,0.0187099,110.834,14.433,4.41217,0.0108076,0
10.7955,68.8602,2.7355,33.1704,21.4055,3.33091,0.0155962,10.4515,68.2864,3.08816,0.329835,49.3642,60.9413,2.66079,0.0128865,36.1019,103.631,2.28158,0.0121396,128.721,50.3415,5.84499,0.568037,86.5263,59.784,3.51153,0.0210248,117.268,93.4188,3.59476,0.0228076,107.248,16.8439,3.10113,0.0176728,0
10.7949,68.8605,2.73513,31.147,23.8106,3.4046,0.0170386,10.5155,68.3108,3.00211,0.321374,46.1047,61.3535,2.67,0.0302756,39.822,100.639,3.07484,0.0158609,128.701,50.3342,5.83895,0.5523,90.8399,58.3592,2.88135,0.0223641,116.428,97.1811,3.14422,0.0252154,104.37,13.3578,3.51511,0.0155719,0
10.7945,68.8607,2.73482,32.1288,25.5847,3.39013,0.0180626,10.1444,68.2718,3.30707,0.32611,46.7774,61.5728,2.97288,0.0171781,41.9497,99.4006,2.94018,0.0135062,128.549,50.6319,5.85674,0.570308,90.3235,62.2117,3.17827,0.0267839,114.313,98.0312,2.52343,0.0114072,102.329,15.5137,3.94451,0.0166438,0
10.7939,68.8609,2.73445,33.8285,21.8991,3.12954,0.015083,10.3001,68.1384,3.13672,0.344123,47.0649,58.5114,2.73799,0.0130736,39.4134,104.204,1.78613,0.0168995,128.856,50.3193,5.85274,0.547778,89.1425,59.7104,3.89801,0.0327013,111.684,98.6738,3.22926,0.0144372,108.279,19.1589,3.48178,0.0159049,0
10.7933,68.8612,2.73403,36.1966,17.5732,3.42366,0.0170181,9.8137,68.3479,3.05969,0.295699,49.2227,60.1546,2.49311,0.0203967,35.1042,100.304,2.04343,0.0108136,128.839,50.4898,5.8644,0.590437,91.5646,52.1521,3.89365,0.0236808,112.175,94.101,4.06975,0.0170629,106.363,17.9648,3.78779,0.0248921,0
10.7928,68.8614,2.73367,31.9269,17.2638,3.69453,0.0212708,10.3821,68.5494,3.08443,0.320911,47.8087,55.4568,3.73229,0.0159976,36.9304,96.8465,2.81342,0.0203833,128.635,50.4219,5.84808,0.557171,88.6095,52.322,3.7641,0.0231355,114.817,95.3147,3.4188,0.0241774,114.04,18.2252,3.80123,0.0169537,0
10.7922,68.8616,2.73331,32.306,17.7113,3.66048,0.0178764,10.4374,68.3574,3.29136,0.305574,45.1915,55.9073,2.57075,0.0179377,36.4892,99.8866,2.29439,0.0198106,128.964,50.3349,5.84467,0.575039,87.8943,55.392,2.97896,0.0194329,112.338,92.5681,3.99617,0.0179328,112.696,16.3504,3.54394,0.0263971,0
10.7917,68.8619,2.73296,33.9975,20.7663,2.64948,0.0172059,10.579,67.913,3.12121,0.305702,46.4496,60.9345,2.69171,0.0141118,36.0852,100.104,2.69753,0.026995,129.054,50.3237,5.84592,0.56687,89.0024,54.8239,2.91784,0.022587,108.162,93.5045,2.63764,0.0234529,110.965,14.2565,4.05413,0.0230749,0
10.7912,68.8621,2.73261,38.7645,16.2878,3.07457,0.0122812,10.2319,68.364,3.06843,0.302132,49.3294,63.3312,2.309,0.0212606,33.6817,106.854,2.33639,0.0183524,129.112,50.3032,5.82712,0.577372,86.5111,61.2435,3.5572,0.0205962,111.522,95.8127,3.4512,0.0274723,112.493,14.6564,4.38685,0.0205328,0
10.7907,68.8623,2.73226,33.2876,20.5443,3.33827,0.0205447,10.386,68.1509,3.11198,0.276318,49.1239,63.9331,3.4141,0.0218362,40.2906,106.592,1.80976,0.022961,128.812,50.4159,5.83945,0.600131,88.3753,63.9028,3.19556,0.0177604,112.192,96.1711,3.48284,0.0239273,106.756,18.6189,3.44487,0.0165215,0
10.7902,68.8625,2.73197,32.3768,22.982,3.66966,0.01284,10.5462,68.438,3.03183,0.313894,47.8498,68.67,2.6255,0.0199924,46.9913,106.882,1.30724,0.0191566,129.084,50.3869,5.82923,0.571534,90.585,61.8278,3.08484,0.0191197,114.179,99.6004,2.98618,0.0212067,107.604,16.5821,4.19279,0.0222569,0
10.7897,68.8627,2.73162,39.9011,26.9008,3.25544,0.0163548,9.90597,68.6804,2.967,0.301638,49.3439,64.5326,2.87794,0.0127553,38.6008,105.931,2.15327,0.0254835,128.824,50.3372,5.79286,0.582091,88.0434,58.7155,3.68456,0.0292886,113.14,101.086,1.87361,0.0200888,101.208,19.5148,3.34045,0.0122999,0
10.7892,68.863,2.73128,32.5839,26.959,3.76496,0.0186515,10.557,68.4217,3.04742,0.30391,52.1881,59.5887,3.37595,0.0131368,36.4542,102.124,2.47034,0.0166763,129.084,49.966,5.6753,0.578506,90.7742,63.6516,2.53759,0.0237904,116.426,97.578,2.9733,0.0239266,108.415,14.0653,4.27415,0.0214023,0
10.7887,68.8632,2.73094,32.6438,25.0056,3.17447,0.0187992,10.5399,68.2941,3.13534,0.277074,54.2849,59.0769,2.91394,0.0187538,35.5027,96.5483,3.1439,0.0148894,128.84,50.2492,5.81647,0.600066,88.3074,63.5695,3.39329,0.026565,115.07,98.3552,3.03708,0.0206658,106.846,18.8729,3.46312,0.0231865,0
10.788,68.8635,2.73049,36.5211,24.007,3.25967,0.0157176,10.5522,68.7083,2.88956,0.292545,50.138,62.4425,2.29432,0.0273974,33.723,102.99,2.68251,0.0263213,128.778,50.7407,5.79499,0.573426,87.3312,60.2829,3.19157,0.0190911,113.813,97.7551,2.72498,0.0278389,101.907,16.8822,3.97266,0.0176635,0
10.7877,68.8636,2.73026,33.2554,24.2441,3.28164,0.0190949,10.5956,68.4121,3.0225,0.282434,51.2467,63.2019,2.15851,0.0196208,37.1551,102.544,2.77188,0.0168781,128.885,50.6024,5.75426,0.599395,85.4812,56.2928,3.93008,0.0199438,118.505,95.4335,3.26605,0.0261252,109.66,12.3235,4.64248,0.0165085,0
10.7872,68.8638,2.72993,30.6849,23.2952,3.04478,0.0229418,10.0553,68.7796,2.92959,0.299782,51.8512,60.5273,2.59238,0.017258,42.4779,102.979,2.80824,0.011574,129.15,50.276,5.76194,0.571487,83.2057,57.6861,3.09553,0.0224995,118.079,92.8802,2.24004,0.032997,114.726,15.2526,4.45438,0.0214601,0
10.7866,68.8641,2.72955,37.588,20.0658,3.34422,0.023892,10.487,69.0283,2.847,0.291488,49.5418,63.804,2.44125,0.0189821,43.423,100.496,3.32936,0.0127209,128.913,50.5598,5.81583,0.57196,86.8492,57.508,3.31434,0.0162917,123.327,94.2172,2.72788,0.0404696,116.903,14.6199,4.40226,0.024196,0
10.7861,68.8643,2.72922,32.4095,20.7638,3.08547,0.0106102,10.5381,68.3774,3.03225,0.303473,47.4353,65.6402,2.56101,0.0181607,48.7429,101.623,2.7955,0.0216557,128.543,50.4853,5.87396,0.555319,85.9573,51.1796,3.1881,0.026565,119.423,95.9362,2.0881,0.0467105,121.374,17.0048,4.08369,0.0175057,0
10.7856,68.8645,2.72884,32.4257,19.7624,3.39903,0.0185186,10.7938,68.7316,3.03178,0.256894,46.6048,59.5945,3.52203,0.0159802,53.5753,99.9441,3.32807,0.0210694,129.04,50.3682,5.8464,0.607832,85.7493,54.5294,4.12949,0.0159241,120.961,94.018,2.67478,0.0442334,119.879,16.5778,4.07007,0.0195492,0
10.7851,68.8648,2.72851,40.9545,20.7667,3.22353,0.0161763,11.2639,68.715,3.00938,0.313702,47.6281,60.874,2.83052,0.0205607,58.4521,100.355,3.66251,0.0195538,128.869,50.3601,5.85468,0.559234,87.0881,63.5806,3.08301,0.0139678,121.707,94.9602,2.57458,0.0435071,111.573,16.4273,3.37777,0.0132986,0
10.7847,68.8649,2.72825,39.9133,14.6105,4.00249,0.0206529,11.0407,69.0628,2.89654,0.301271,50.7598,63.2175,2.48317,0.0205834,63.3811,102.691,3.01998,0.0201311,128.794,50.6567,5.80955,0.539572,89.4144,64.8112,2.6211,0.0270134,124.469,94.0298,2.9484,0.0492795,107.279,16.4764,3.90465,0.0214961,0
10.7842,68.8651,2.72793,34.8945,20.5243,3.29448,0.0198456,10.8203,69.2606,2.99274,0.326637,45.3296,61.289,2.8731,0.0185683,52.316,106.088,2.51169,0.0138988,129.128,50.381,5.83222,0.541865,91.8462,64.1067,2.83609,0.0218889,124.339,96.3423,2.30116,0.0397669,104.47,19.208,2.99027,0.0175293,0
10.7838,68.8653,2.72761,40.9035,20.3757,2.90803,0.00911435,10.5657,68.9819,3.18516,0.278053,42.9973,57.8101,2.55738,0.0176521,45.5754,103.235,2.76835,0.0126898,129.061,50.287,5.80501,0.584486,86.8639,63.2844,3.13175,0.0220403,125.784,95.0067,2.73123,0.0452348,107.849,16.143,4.1876,0.03073,0
10.7833,68.8655,2.7273,30.6675,20.4504,3.42066,0.0136587,10.4625,68.4953,2.93894,0.281485,46.3853,58.3895,3.45694,0.0206436,48.4364,97.2784,3.87443,0.0156846,128.943,50.3576,5.82091,0.5816,86.3176,60.1536,2.9214,0.0204501,124.652,93.8095,3.30337,0.0506557,103.336,19.6212,3.19695,0.0158216,0
10.7829,68.8657,2.72699,37.8018,18.4474,3.36892,0.0199391,10.6914,68.6559,2.93834,0.271711,47.137,59.1082,2.72134,0.01743,49.3507,98.4407,3.83228,0.0247247,129.195,50.356,5.85364,0.591634,90.5451,61.5341,3.05005,0.0205699,124.199,94.8832,2.75137,0.0356247,105.353,14.1397,3.67006,0.0183665,0
10.7824,68.8659,2.72668,33.5069,18.6939,3.30077,0.0173513,10.3976,69.1932,3.0132,0.268112,46.3243,58.3398,3.59407,0.0240829,54.6973,101.733,2.46472,0.0199026,129.159,50.1882,5.82837,0.564118,92.8658,63.4158,3.51717,0.018799,125.518,93.3644,2.84867,0.0667521,103.294,12.6127,4.29053,0.0208825,0
10.782,68.8661,2.72637,35.6113,19.5654,3.84608,0.0117428,10.855,68.805,3.0368,0.263482,51.1951,60.7257,3.00008,0.0277211,56.4694,102.121,3.01048,0.019157,129.015,50.3236,5.82977,0.597529,91.8474,63.5651,3.0821,0.0168363,125.303,93.641,2.55899,0.0456688,102.653,17.3263,3.26479,0.0178631,0
10.7815,68.8663,2.72606,28.4565,21.4087,2.71877,0.0150386,10.9608,69.1355,3.02047,0.247263,52.2909,58.7354,2.89636,0.013671,50.9132,100.654,2.47425,0.0269944,128.951,50.4241,5.86345,0.618044,95.4924,59.1503,3.30727,0.0160733,124.09,96.2043,3.1079,0.0530288,107.299,13.4179,3.45562,0.0098862,0
10.7811,68.8665,2.72576,30.0673,20.2991,3.82863,0.0197493,10.5753,68.6649,3.08291,0.236012,51.2335,57.1187,2.06808,0.0138215,48.775,101.742,3.07997,0.0204604,129.025,50.4187,5.90608,0.622631,89.955,60.7074,3.0354,0.0259095,125.089,95.2878,3.22529,0.0453462,108.773,10.8928,3.885,0.0160704,0
10.7806,68.8668,2.72541,33.1294,16.8266,3.96141,0.0239336,10.9173,68.2846,3.28386,0.238401,52.0823,56.2743,2.75071,0.0186434,49.4433,103.098,2.08763,0.0170833,128.88,50.299,5.82354,0.600413,91.8861,62.9294,3.32444,0.024323,126.12,94.2812,2.92574,0.0615155,101.787,18.1326,3.23743,0.0156875,0
10.7803,68.8669,2.72521,26.8655,20.298,3.12139,0.0115742,10.4047,68.6891,3.13541,0.258636,52.8285,55.5777,3.25713,0.0242344,47.4331,108.153,2.3611,0.00752332,128.985,50.2619,5.86482,0.602757,92.2149,66.6055,2.35275,0.02419,124.124,95.3196,2.14787,0.040214,97.5269,17.921,3.38093,0.0308717,0
10.7797,68.8671,2.72481,23.1185,23.1928,3.27118,0.0132216,10.6188,67.9403,3.03354,0.278255,52.3685,60.4376,2.88468,0.0179011,47.0724,106.288,1.82612,0.0150632,128.84,50.3871,5.837,0.606042,90.3092,63.0157,3.47792,0.0183557,124.547,94.6646,2.86322,0.0308859,99.3524,17.274,3.33715,0.020276,0
10.7793,68.8673,2.72452,29.0489,19.8295,2.80443,0.0106311,10.319,68.1695,2.90859,0.281711,56.5171,64.6079,2.47913,0.0140058,43.0214,104.455,2.54459,0.0143151,128.887,50.1487,5.85898,0.582229,89.4114,62.905,3.71491,0.0228101,125.336,94.4823,3.03383,0.0499063,103.795,20.9031,3.00819,0.024392,0
10.7789,68.8675,2.72428,27.1588,15.6762,3.62439,0.0192714,10.5576,68.2708,3.04348,0.246334,54.0774,64.076,2.53637,0.0139379,52.4854,107.567,2.924,0.0164977,128.973,50.4115,5.86577,0.615422,90.2515,67.9455,3.34426,0.0236659,123.655,96.2024,2.76717,0.0432342,104.473,17.5399,3.47447,0.0216373,0
10.7786,68.8676,2.72403,38.6332,18.5572,3.22389,0.0144918,10.5011,68.0741,2.98319,0.240245,52.6416,62.992,2.53403,0.022463,47.9285,103.013,2.80667,0.0115618,128.762,50.2923,5.83912,0.634517,90.7976,62.412,3.15307,0.0190488,124.317,95.8419,1.43645,0.0351073,102.307,20.0119,3.67468,0.0225658,0
10.7781,68.8679,2.7237,20.4081,18.1935,3.88554,0.0144023,10.2368,68.6185,3.0905,0.267837,56.1899,61.6874,3.01551,0.0208546,41.7435,104.367,2.5787,0.0160439,129.012,50.36,5.87363,0.580922,92.449,64.0399,3.25169,0.0239982,125.375,95.3702,2.02139,0.0536476,102.696,19.2522,3.33196,0.0222939,0
10.7776,68.8681,2.72336,24.361,21.2094,3.06807,0.0158395,10.8127,68.337,2.89823,0.238025,51.2395,51.9737,2.79142,0.020386,36.9311,103.048,3.18241,0.0196602,129.387,50.3064,5.84046,0.627492,95.2176,61.0889,2.79979,0.0270123,125.021,94.3511,3.19836,0.0355661,97.174,21.7763,3.12867,0.0160187,0
10.7772,68.8683,2.72308,27.4335,19.6645,3.37453,0.0203094,10.6114,68.5873,2.88525,0.259922,50.7614,51.4667,2.62366,0.0234677,34.032,105.941,2.35193,0.0196657,129.016,50.3197,5.81455,0.586962,89.8755,64.9161,3.51175,0.022923,126.859,94.2883,2.92355,0.0418262,94.1898,17.4549,3.72017,0.0249235,0
10.7768,68.8684,2.7228,24.9737,20.8674,3.16276,0.0173864,10.251,68.6561,3.01369,0.23601,52.6315,52.0136,2.99241,0.0205708,35.5527,105.055,2.60157,0.0135254,129.164,50.4173,5.84286,0.609779,90.8146,64.5481,3.84952,0.0206012,127.288,94.2943,3.24146,0.0548184,100.125,16.3144,3.96336,0.0273092,0
10.7764,68.8686,2.72252,26.6632,22.2099,3.48161,0.0214934,10.6466,68.5298,3.06536,0.253518,53.5743,48.738,2.84921,0.0261317,35.1718,104.623,2.29875,0.0224546,128.977,50.3718,5.8558,0.605673,90.8179,67.612,3.46951,0.0208968,124.656,94.6592,3.38261,0.0343238,98.2658,13.0228,4.16326,0.015508,0
10.776,68.8688,2.72224,23.2104,16.4216,3.76944,0.0168606,10.5343,68.2216,2.98945,0.211083,54.5432,51.4154,3.23376,0.0282483,36.4279,106.208,1.9929,0.0146233,128.926,50.2791,5.81125,0.635185,86.5168,71.1122,2.93875,0.0205523,125.246,94.2567,2.56675,0.0545838,92.045,17.4681,3.74508,0.0188641,0
10.7756,68.8689,2.72201,23.0333,15.9909,3.7661,0.00995395,11.0025,67.9941,2.99235,0.237074,52.2621,48.3261,3.50495,0.0156752,29.3823,98.6544,3.48681,0.00922017,129.109,50.3281,5.83899,0.642601,87.1565,71.2437,2.9304,0.0239032,125.506,95.1297,2.9881,0.0435549,93.0148,17.8439,3.4196,0.0180173,0
10.7752,68.8691,2.72174,27.3832,18.8561,3.81021,0.0116526,10.5453,68.3898,2.95594,0.23277,51.1266,46.8586,3.29923,0.0180558,30.9279,100.231,2.18995,0.0149725,129.383,50.245,5.81963,0.647451,89.2819,70.5159,3.03443,0.0207052,125.486,95.4292,3.32989,0.0384908,100.262,19.8093,3.59662,0.0159024,0
10.7748,68.8693,2.72142,29.9022,18.5711,3.48092,0.0184683,10.6109,67.3909,2.85166,0.234425,52.2315,50.9409,3.64919,0.027677,40.4561,98.07,3.04434,0.0229812,129.114,50.2708,5.79566,0.609003,85.7582,66.3034,2.71596,0.0221588,127.363,93.0351,3.22243,0.045646,107.731,18.6464,4.12638,0.0196411,0
10.7744,68.8695,2.72115,30.0988,18.799,3.1798,0.0160859,10.2605,68.4732,2.80144,0.227368,47.5813,51.2444,3.28092,0.0156167,35.0356,102.011,1.98693,0.0147358,128.997,50.3608,5.83204,0.643345,87.6491,67.2284,2.98395,0.0195634,123.883,95.0375,2.37499,0.045902,107.559,16.3888,4.43245,0.0173832,0
10.7741,68.8696,2.72093,24.8625,17.7464,3.56544,0.0172771,10.4044,68.4954,2.91979,0.22813,42.987,50.0085,4.19606,0.014623,44.3835,99.5487,2.98596,0.0133924,129.212,50.3191,5.82451,0.643835,85.9805,66.2304,3.37808,0.0230989,125.086,94.0556,3.06799,0.0417362,103.553,14.4496,3.99025,0.0179075,0
10.7737,68.8698,2.72066,22.1164,21.58,3.63461,0.0165771,10.8199,68.0934,2.86436,0.22266,50.4065,58.7726,2.36598,0.0224091,43.419,100.698,3.24653,0.0112395,128.969,50.3518,5.83325,0.648652,85.4956,63.4842,3.24084,0.0248933,122.958,95.2228,3.26877,0.0437504,102.141,14.896,4.00484,0.00981818,0
10.7732,68.87,2.72036,29.9609,20.7341,3.55032,0.0193421,10.8528,68.4265,2.85971,0.224871,49.6988,57.9196,3.22453,0.0212952,40.1486,106.547,2.36033,0.0125182,129.077,50.4743,5.84543,0.641213,89.3543,60.6529,3.03969,0.0185408,125.666,92.2502,3.46802,0.0479507,105.584,19.4892,3.11056,0.014269,0
10.7729,68.8702,2.72014,26.7531,20.217,3.33573,0.027689,11.132,68.0397,3.04706,0.218509,49.004,56.9491,3.53354,0.0177941,51.8723,102.157,2.47308,0.0106512,128.99,50.2142,5.84473,0.640422,88.6847,59.9218,3.07133,0.0263101,122.6,93.8391,2.86012,0.043535,104.192,23.3255,3.05055,0.015089,0
10.7725,68.8704,2.71983,22.4232,22.495,3.15943,0.0265921,10.749,68.4627,2.80114,0.231493,48.1975,60.8502,2.6765,0.0225554,55.4068,99.8458,2.78441,0.0134632,129.059,50.4365,5.85005,0.610429,87.9357,61.1709,3.60702,0.0282335,126.383,93.263,3.3394,0.0460019,104.548,19.4294,3.44565,0.021232,0
10.7722,68.8705,2.71962,30.2028,14.4229,3.89721,0.0226952,10.9288,69.4796,2.96424,0.204704,49.097,54.1022,3.34163,0.0308971,63.6437,104.493,1.7446,0.0135667,129.276,50.4677,5.84908,0.631599,81.6401,57.0265,3.22711,0.0255896,127.281,94.2456,2.27838,0.0495511,105.549,14.6679,3.93716,0.0213974,0
10.7718,68.8707,2.71936,24.9885,22.5899,3.34038,0.0225092,10.5364,69.5205,2.83747,0.22635,48.5799,59.6349,2.75952,0.0193136,55.458,97.2808,4.02594,0.012882,128.942,50.4655,5.82223,0.655087,83.0739,57.0169,3.38085,0.0202495,125.255,94.0955,2.56605,0.0296153,104.164,17.0453,3.34246,0.0139928,0
10.7714,68.8708,2.71911,23.0922,19.5447,3.55858,0.0233276,10.5005,68.8094,2.81549,0.230748,50.7248,61.0754,3.1289,0.0103748,53.1206,98.4235,3.58328,0.0147541,129.065,50.3734,5.8329,0.633723,84.5401,52.9329,3.7411,0.0203178,124.066,94.2392,1.65987,0.0493599,105.814,13.7877,4.30145,0.0173946,0
10.771,68.871,2.71881,20.6473,18.9927,3.40775,0.0176654,11.5996,67.8224,2.90801,0.206552,48.2084,57.3962,2.9662,0.0178985,51.8274,94.1986,3.73759,0.00996165,129.078,50.3708,5.79283,0.655098,82.8998,57.4645,3.5945,0.0253228,125.493,93.8363,1.9656,0.0545825,103.66,14.259,4.0478,0.0129189,0
10.7707,68.8712,2.71856,24.3304,15.6998,3.68561,0.0155186,10.8715,68.5257,2.93761,0.179451,49.607,53.0849,3.38633,0.0198615,51.4342,96.8202,3.02851,0.015503,128.971,50.5848,5.82555,0.684961,88.4808,60.4573,3.94309,0.0205804,125.431,92.6823,1.89561,0.0509789,105.934,12.9952,4.18412,0.013145,0
10.7704,68.8713,2.71836,24.4911,16.5257,3.61311,0.0172865,10.9458,69.0741,2.88536,0.233471,51.9947,51.9004,3.45599,0.017053,48.592,105.039,2.29086,0.0148974,129.031,50.423,5.87656,0.618697,85.106,54.4282,3.55367,0.0245587,125.284,92.4482,2.10204,0.0548274,103.524,15.3331,3.93733,0.0192087,0
10.77,68.8715,2.71811,26.9722,19.6273,3.64774,0.0249701,11.0729,68.2964,3.08921,0.195341,52.6912,52.0963,2.94678,0.0220396,53.0099,103.557,3.06464,0.0119793,128.926,50.3409,5.84212,0.644803,86.9187,56.6357,3.09245,0.0238715,125.903,94.2019,1.91126,0.0621129,101.77,16.8567,3.58047,0.0148821,0
10.7697,68.8716,2.71786,29.5466,18.9748,3.66122,0.0173798,11.0395,68.7395,2.89295,0.203775,50.8113,52.8119,3.27382,0.0183901,45.9881,98.1475,3.42452,0.0159386,128.966,50.5903,5.81037,0.644965,87.068,58.5129,3.96231,0.0222856,124.801,93.9241,2.01949,0.0568494,108.659,13.1513,4.11117,0.0204166,0
10.7693,68.8718,2.71762,19.1467,22.7261,3.40094,0.018534,10.6258,68.504,3.17006,0.18748,48.9599,54.4681,3.16819,0.0204287,47.7505,91.7688,3.09408,0.0104048,128.933,50.3492,5.85458,0.664083,90.8488,62.2874,2.95725,0.0286148,123.831,95.3018,2.14496,0.0573473,106.367,16.0296,3.74126,0.0131073,0
10.769,68.8719,2.71738,21.9893,19.4987,3.67656,0.0151906,10.3364,68.1466,3.30749,0.213871,50.1667,52.0618,3.66167,0.0235223,45.9916,97.9086,3.00544,0.0144572,129.052,50.3896,5.85491,0.661484,88.5851,61.8976,3.51858,0.0207035,125.664,95.4766,1.78974,0.0329264,107.129,15.1168,4.08484,0.017846,0
10.7686,68.8721,2.71714,28.8087,12.9016,4.01181,0.0158977,10.062,68.7896,3.11184,0.225324,47.1173,59.17,3.00109,0.0137286,48.0169,98.9658,2.42734,0.019376,129.044,50.4744,5.84432,0.644283,92.7752,65.6694,3.04613,0.0163645,124.235,96.109,2.35433,0.0462138,103.168,16.6268,3.85447,0.0188129,0
10.7682,68.8723,2.71686,28.3587,20.2051,3.55766,0.0191006,10.7553,68.4689,3.31546,0.221041,52.6616,46.6777,3.66672,0.0177021,49.4711,99.6676,2.96651,0.00960801,129.137,50.2524,5.80593,0.656536,91.4295,62.1188,3.33818,0.0227613,123.28,95.3048,2.76107,0.0314761,113.5,15.0894,4.32335,0.0217749,0
10.7679,68.8724,2.71662,31.003,20.076,3.90933,0.0169102,10.5514,67.4498,3.40217,0.200461,52.5825,50.8319,3.69554,0.0162658,47.9886,105.792,2.72426,0.0144332,129.065,50.3037,5.8559,0.651224,85.9097,64.182,3.10465,0.0297191,128.704,93.4672,1.82104,0.0400959,109.891,15.8651,3.99275,0.0308911,0
10.7677,68.8725,2.71647,32.0074,21.9995,3.39139,0.01922,10.4453,68.9669,3.33547,0.205288,52.674,49.6356,2.78906,0.0111231,44.5102,103.639,2.25149,0.0155429,128.978,50.306,5.84034,0.652708,87.6563,69.1941,3.10576,0.026561,124.883,94.173,1.90079,0.0412181,107.899,16.3865,3.74077,0.0283389,0
10.7673,68.8727,2.71623,28.2212,17.6995,3.7656,0.0233626,10.647,67.642,3.4314,0.19401,50.4593,51.0436,3.18887,0.0160386,42.2357,100.893,2.58001,0.0182013,129.181,50.3132,5.84082,0.687482,84.8348,73.7532,2.50203,0.0178664,122.954,96.6827,1.59952,0.0280373,109.39,15.4656,3.93443,0.0150023,0
10.767,68.8728,2.716,31.4522,16.5571,4.1507,0.02315,10.4445,67.2092,3.51834,0.210739,54.9502,44.1614,2.85919,0.0200434,44.0649,100.117,3.03166,0.0169938,128.849,50.4539,5.80461,0.645965,88.7124,66.941,3.28687,0.0179978,124.909,94.8539,2.02238,0.0413177,113.672,15.4472,4.16225,0.0237934,0
10.7666,68.873,2.7157,30.3299,17.7749,3.96771,0.0147911,10.5574,68.1122,3.54426,0.211554,55.6937,49.3817,3.23686,0.0162522,43.5161,98.2479,2.99596,0.0173785,129.2,50.3058,5.84671,0.662899,91.4262,64.2216,3.36374,0.0278659,123,97.5398,1.52496,0.028814,110.553,19.5461,3.36769,0.0204457,0
10.7663,68.8731,2.71551,27.5732,20.1156,3.31454,0.0124656,10.2334,68.4398,3.537,0.214419,51.1913,51.607,3.32025,0.0190961,45.1826,100.524,2.57261,0.0217997,129.108,50.3306,5.85383,0.649654,88.4948,68.8709,3.36209,0.0248829,125.241,95.3276,2.63884,0.0347253,112.977,13.0694,3.9828,0.0229576,0
10.766,68.8733,2.71528,27.9397,20.7354,3.83738,0.0130791,10.5568,68.5302,3.75901,0.202312,49.6931,58.8842,2.65432,0.0205708,44.514,102.822,2.0917,0.0174542,129.102,50.437,5.81508,0.657436,89.692,72.4924,2.9792,0.0263385,122.814,96.5492,2.39238,0.0372307,107.398,20.4677,3.15417,0.0255786,0
10.7657,68.8734,2.71505,31.1092,21.8064,3.51108,0.0221221,10.2638,69.0563,3.5024,0.208368,53.6899,54.7036,2.53017,0.0163299,38.8529,103.449,2.49523,0.0255245,129.102,50.2866,5.89045,0.64329,87.4874,73.597,3.51021,0.0203979,122.97,95.6969,2.09943,0.0415738,99.8718,23.9303,2.5954,0.0223941,0
10.7653,68.8736,2.71483,30.843,21.5875,3.78389,0.0192319,10.744,68.0897,3.51029,0.21058,48.7753,60.2549,2.79916,0.0156287,31.663,103.579,3.32247,0.0135462,129.121,50.177,5.84474,0.642431,85.1355,76.5935,3.03747,0.0266362,123.829,93.1704,2.52837,0.0296212,102.999,20.0256,3.63732,0.0423253,0
10.765,68.8737,2.71457,31.82,22.2631,3.96756,0.0211025,10.2378,68.3225,3.33064,0.215598,52.401,61.9288,3.31331,0.0198651,34.0785,97.7444,3.92369,0.0144677,128.944,50.4662,5.85579,0.656924,86.927,71.2552,3.15465,0.0256037,125.16,93.1704,1.95371,0.0255083,101.765,25.3217,3.63586,0.020931,0
10.7647,68.8739,2.71435,32.0205,19.8725,3.41768,0.0174688,11.0574,67.7993,3.4737,0.194065,50.0067,63.8656,2.60016,0.0175063,35.5348,103.602,3.00882,0.0154089,128.872,50.4257,5.81512,0.685396,87.8949,68.2954,2.96505,0.0194619,122.548,95.2587,2.42369,0.0231854,97.7719,24.2163,3.21206,0.0275072,0
10.7644,68.874,2.71417,33.6779,19.1261,3.49696,0.0131027,10.5137,68.6826,3.23636,0.175406,50.8235,61.2406,2.89701,0.0172674,35.7369,100.2,3.97125,0.0152425,129.115,50.3332,5.84263,0.707239,89.1243,75.9754,2.23446,0.019979,120.063,96.7456,1.87979,0.0253055,105.953,18.668,4.2982,0.0264584,0
10.7641,68.8741,2.71396,35.2368,25.5716,3.05956,0.0185914,10.683,67.7973,3.41272,0.193347,48.5845,59.2651,2.75908,0.0271023,30.2457,101.998,2.79103,0.0123317,128.968,50.353,5.80555,0.674895,88.2675,76.7495,3.10515,0.0234147,123.428,95.3321,2.15136,0.0229046,104.187,19.7322,3.46903,0.0274135,0
10.7638,68.8743,2.71374,32.4322,21.1889,3.44361,0.0190547,10.8768,68.6827,3.55902,0.185536,52.5404,61.4672,2.9028,0.0226057,32.7284,96.2176,3.95318,0.0135172,129.014,50.4992,5.81516,0.693692,89.9276,79.5158,3.23756,0.0240824,123.934,94.105,1.75309,0.0260325,101.634,24.6523,3.30005,0.0154793,0
10.7635,68.8744,2.71353,30.923,20.5477,3.47094,0.0182829,10.4138,68.4624,3.55609,0.187212,57.8402,63.6506,3.10692,0.0259017,26.7987,96.8358,3.5983,0.0149608,129.131,50.2577,5.81122,0.697174,89.8343,78.3794,2.86318,0.0120381,124.989,93.4947,1.61838,0.025232,107.663,24.8917,3.56742,0.0191988,0
10.7632,68.8746,2.71332,30.0498,22.6463,3.3169,0.0222618,10.4139,67.9489,3.73024,0.205907,53.1365,62.0322,3.0599,0.0186675,34.7404,102.167,2.46717,0.024565,129.086,50.3377,5.81526,0.66843,89.2947,85.3382,2.62569,0.0193409,122.491,98.5796,1.79484,0.0246195,107.883,23.1055,3.17168,0.0162082,0
10.7628,68.8747,2.71307,32.1701,20.5798,3.82609,0.0203484,10.4512,68.4668,3.57655,0.201266,57.3304,60.9559,3.21122,0.0184353,30.9523,101.55,3.27316,0.0190291,129.058,50.5026,5.81266,0.678815,88.7785,76.9571,2.9731,0.0167514,125.772,93.3206,1.66055,0.0210452,104.117,20.0222,2.98582,0.024309,0
10.7625,68.8748,2.71286,30.6992,20.7214,3.33792,0.0181947,10.6381,68.318,3.64593,0.179305,52.5589,59.2281,2.49551,0.0259167,21.1839,100.88,3.38948,0.0175045,128.971,50.3941,5.77245,0.695548,90.6385,80.5461,2.53308,0.0227139,122.96,95.0832,1.58369,0.0201462,105.081,22.8292,3.17218,0.0206711,0
10.7623,68.875,2.71269,36.8767,19.0531,3.88289,0.0214514,10.715,68.3566,3.79215,0.191692,50.2812,68.3925,2.33061,0.01909,24.8027,104.327,2.56665,0.0123169,128.887,50.5347,5.79521,0.67255,82.5953,79.996,2.83912,0.0230507,123.568,93.4062,1.8802,0.0315689,106.199,19.6194,3.43194,0.0282808,0
10.762,68.8751,2.71249,36.2851,19.2917,3.21663,0.0180378,10.3198,68.3608,4.45384,0.171846,48.6527,66.9598,2.07866,0.0164965,28.6421,101.954,3.34724,0.0122984,129.108,50.4672,5.81302,0.718407,87.2733,78.1865,2.85638,0.0189908,126.627,94.409,2.1588,0.0312247,107.578,22.6427,2.52253,0.0126989,0
10.7617,68.8752,2.71225,33.8948,19.2653,3.2136,0.026081,10.2745,67.867,4.2626,0.160123,55.7595,61.8071,3.52476,0.0222794,28.1637,102.043,2.97515,0.0107954,129.104,50.4461,5.84321,0.71601,88.645,77.5071,2.2758,0.0181254,126.495,95.9722,1.71998,0.0253178,102.604,22.2585,3.49573,0.0212677,0
10.7614,68.8753,2.71208,28.4894,21.1739,3.73532,0.0182727,10.7532,68.3464,4.35451,0.164183,58.7845,56.6408,3.41108,0.0139092,28.9424,103.028,2.69375,0.0189684,128.953,50.2979,5.79234,0.716714,84.1074,85.7706,2.61507,0.0193222,123.194,94.8327,1.63378,0.0266796,102.481,16.9,3.90614,0.0219514,0
10.7612,68.8755,2.71188,29.4506,21.2495,3.30837,0.0137405,11.0553,68.4793,3.89012,0.175741,55.5153,57.8018,3.39235,0.0235451,30.4146,102.643,3.08357,0.014364,128.992,50.5214,5.86404,0.711279,86.7453,81.9904,2.53157,0.0211521,124.088,95.599,1.66194,0.0237083,99.3378,21.7311,3.6234,0.01647,0
